split,source,country,row_count,row_share
train,S1,India,883188,0.4002082633797666
train,S1,US,1323633,0.5997917366202333
train,S2,India,2017799,0.4007850847015939
train,S2,US,3016817,0.5992149152984061
train,S3,India,2115547,0.40024704844461456
train,S3,US,3170056,0.5997529515553854
test,S1,France,259452,0.14975204092940786
test,S1,India,809986,0.4675125133907133
test,S1,US,663106,0.3827354456798788
test,S2,France,703378,0.1439203416711119
test,S2,India,2312565,0.47318105618409284
test,S2,US,1871330,0.38289860214479526
test,S3,France,731615,0.14395307178853106
test,S3,India,2405000,0.4732094580502275
test,S3,US,1945701,0.3828374701612414
