source,country,test_row_count,train_row_count,test_share,train_share,share_change_percentage_points,test_only_country
ALL,France,1694445,0,0.14479796119220317,0.0,14.479796119220318,True
ALL,India,5527551,5016534,0.472354142616564,0.40045645260173196,7.189769001483204,False
ALL,US,4480137,7510506,0.38284789619123283,0.5995435473982681,-21.669565120703528,False
S1,France,259452,0,0.14975204092940786,0.0,14.975204092940785,True
S1,India,809986,883188,0.4675125133907133,0.4002082633797666,6.73042500109467,False
S1,US,663106,1323633,0.3827354456798788,0.5997917366202333,-21.70562909403545,False
S2,France,703378,0,0.1439203416711119,0.0,14.39203416711119,True
S2,India,2312565,2017799,0.47318105618409284,0.4007850847015939,7.239597148249893,False
S2,US,1871330,3016817,0.38289860214479526,0.5992149152984061,-21.631631315361084,False
S3,France,731615,0,0.14395307178853106,0.0,14.395307178853106,True
S3,India,2405000,2115547,0.4732094580502275,0.40024704844461456,7.2962409605612955,False
S3,US,1945701,3170056,0.3828374701612414,0.5997529515553854,-21.6915481394144,False
