split,source,field,distinct_non_missing_values,duplicated_value_groups,rows_in_duplicate_groups,excess_duplicate_rows
train,S1,entity_id,2206821,0,0,0
train,S1,business_name,1539229,177793,845385,667592
train,S1,business_address,2130606,40089,116304,76215
train,S2,entity_id,5034616,0,0,0
train,S2,business_name,4402009,239779,872386,632607
train,S2,business_address,4337261,421472,949860,528388
train,S3,entity_id,5285603,0,0,0
train,S3,business_name,4651609,258276,892270,633994
train,S3,business_address,4632764,382890,859813,476923
test,S1,entity_id,1732544,0,0,0
test,S1,business_name,1238867,129955,623632,493677
test,S1,business_address,1677483,31396,86457,55061
test,S2,entity_id,4887273,0,0,0
test,S2,business_name,4311041,223103,799335,576232
test,S2,business_address,4224783,444698,977780,533082
test,S3,entity_id,5082316,0,0,0
test,S3,business_name,4521929,238156,798543,560387
test,S3,business_address,4456435,404756,894539,489783
