sample,dimension,group,entity_count,true_link_count,retained_true_link_count,positive_link_recall,matched_all_true_links_retained_rate,average_candidates,median_candidates,p95_candidates,p99_candidates,max_candidates,zero_candidate_entities,query_seconds,peak_rss_mb
s1_1000,overall,ALL,1000,3554,2931,0.8247045582442318,0.6392931392931392,198.72,200.0,200.0,200.0,200,0,1004.6516482730001,593.203125
s1_1000,country,India,413,1496,1225,0.8188502673796791,0.645,197.8135593220339,200.0,200.0,200.0,200,0,1004.6516482730001,593.203125
s1_1000,country,US,587,2058,1706,0.8289601554907677,0.6352313167259787,199.35775127768312,200.0,200.0,200.0,200,0,1004.6516482730001,593.203125
s1_1000,source,S2,1000,1722,1441,0.8368176538908246,0.7548022598870057,99.357,100.0,100.0,100.0,100,0,1004.6516482730001,593.203125
s1_1000,source_country,S2|India,413,721,599,0.8307905686546463,0.7513513513513513,98.9273607748184,100.0,100.0,100.0,100,0,1004.6516482730001,593.203125
s1_1000,source_country,S2|US,587,1001,842,0.8411588411588412,0.7572815533980582,99.65928449744463,100.0,100.0,100.0,100,0,1004.6516482730001,593.203125
s1_1000,source,S3,1000,1832,1490,0.8133187772925764,0.727069351230425,99.363,100.0,100.0,100.0,100,0,1004.6516482730001,593.203125
s1_1000,source_country,S3|India,413,775,626,0.807741935483871,0.7131367292225201,98.8861985472155,100.0,100.0,100.0,100,0,1004.6516482730001,593.203125
s1_1000,source_country,S3|US,587,1057,864,0.8174077578051088,0.7370441458733206,99.6984667802385,100.0,100.0,100.0,100,0,1004.6516482730001,593.203125
s1_5000,overall,ALL,5000,17207,14062,0.8172255477421979,0.639229792636479,198.6436,200.0,200.0,200.0,200,0,5030.516069443,593.203125
s1_5000,country,India,2030,6970,5675,0.8142037302725968,0.6483116883116883,197.59408866995074,200.0,200.0,200.0,200,0,5030.516069443,593.203125
s1_5000,country,US,2970,10237,8387,0.8192829930643744,0.6329882184933953,199.36094276094275,200.0,200.0,200.0,200,0,5030.516069443,593.203125
s1_5000,source,S2,5000,8316,6877,0.826960076960077,0.750057803468208,99.3252,100.0,100.0,100.0,100,0,5030.516069443,593.203125
s1_5000,source_country,S2|India,2030,3361,2764,0.82237429336507,0.7472903593839133,98.79162561576355,100.0,100.0,100.0,100,0,5030.516069443,593.203125
s1_5000,source_country,S2|US,2970,4955,4113,0.8300706357214934,0.7519440124416796,99.68989898989899,100.0,100.0,100.0,100,0,5030.516069443,593.203125
s1_5000,source,S3,5000,8891,7185,0.8081205713643009,0.7242244525547445,99.3184,100.0,100.0,100.0,100,0,5030.516069443,593.203125
s1_5000,source_country,S3|India,2030,3609,2911,0.8065946245497367,0.7280358142137661,98.80246305418719,100.0,100.0,100.0,100,0,5030.516069443,593.203125
s1_5000,source_country,S3|US,2970,5282,4274,0.8091631957591822,0.7216018482864844,99.67104377104377,100.0,100.0,100.0,100,0,5030.516069443,593.203125
