threshold,n_entities,beta,macro_precision,macro_recall,macro_fbeta,micro_precision,micro_recall,micro_fbeta,true_positives,false_positives,false_negatives,singleton_count,correct_singletons,false_positive_singletons,average_predicted_matches
50.0,8000,0.5,0.0934383373629619,0.775055109126988,0.11038292276402092,0.07262885249666665,0.8240680419833515,0.08882884344994078,22769,290729,4861,447,1,446,39.18725
55.0,8000,0.5,0.13245745561909542,0.7712056051587333,0.15298671375106193,0.08663101195121578,0.819580166485704,0.10550086003350684,22645,238751,4985,447,1,446,32.6745
60.0,8000,0.5,0.1936967491527142,0.7680360615079398,0.21775418402361,0.10862273371309603,0.8157437567861021,0.1314040451387674,22539,184959,5091,447,2,445,25.93725
65.0,8000,0.5,0.2726261633909875,0.7635168650793692,0.29898166869152937,0.14430371587869412,0.8102786825913861,0.17269094892087442,22388,132757,5242,447,4,443,19.393125
70.0,8000,0.5,0.3618042756219491,0.7533221726190529,0.3876039546094265,0.19487917755952802,0.7985884907709012,0.22959215526319074,22065,91159,5565,447,8,439,14.153
75.0,8000,0.5,0.4501526388941988,0.7388288690476245,0.47123482853652404,0.24635649904853063,0.7824828085414405,0.28547585471101183,21620,66139,6010,447,16,431,10.969875
80.0,8000,0.5,0.5254034993651362,0.7162404265873069,0.5366225143789878,0.2829994585814835,0.7567137169743033,0.32350301717468666,20908,52972,6722,447,34,413,9.235
82.0,8000,0.5,0.5501516868057498,0.7042109126984183,0.5560838702894957,0.29113942027750556,0.7419471588852696,0.3314127559961459,20500,49913,7130,447,50,397,8.801625
84.0,8000,0.5,0.5692686072130697,0.6899597222222288,0.5688803782680704,0.2933912176234197,0.7239956568946797,0.33300261687719324,20004,48178,7626,447,70,377,8.52275
86.0,8000,0.5,0.5798067907442569,0.6571478670634965,0.5703770761074275,0.2926247788971776,0.6885631559898661,0.3306510480030589,19025,45990,8605,447,82,365,8.126875
88.0,8000,0.5,0.5911669021721956,0.6333276289682587,0.5734655732405325,0.2877788646618914,0.6601520086862106,0.3243727726047276,18240,45142,9390,447,105,342,7.92275
90.0,8000,0.5,0.6039690579995826,0.6050412698412716,0.5750761227611696,0.281161542215715,0.6255157437567861,0.31594822858396404,17283,44187,10347,447,133,314,7.68375
92.0,8000,0.5,0.6153466414908052,0.5732954861111117,0.5739144380205796,0.2833843730860093,0.5861020629750271,0.3160298192888646,16194,40951,11436,447,168,279,7.143125
94.0,8000,0.5,0.6524113942776303,0.5363271329365057,0.5914368177272498,0.3871997922887187,0.5397394136807817,0.41039682976498437,14913,23602,12717,447,222,225,4.814375
96.0,8000,0.5,0.7194910058460281,0.4973480158730147,0.6268332515328668,0.6471239470517449,0.48657256605139343,0.6070622234263525,13444,7331,14186,447,305,142,2.596875
98.0,8000,0.5,0.7457156871454576,0.450779166666666,0.6254850526955381,0.8475243274184316,0.4287006876583424,0.708992745468911,11845,2131,15785,447,373,74,1.747
