dimension,group,entity_count,true_link_count,retained_true_link_count,positive_link_recall,all_true_links_entity_count,all_true_links_retained_rate,matched_entity_count,matched_entities_all_true_links_retained,matched_entity_all_true_links_retained_rate,average_candidates,median_candidates,p95_candidates,p99_candidates,max_candidates,zero_candidate_entities,reduction_ratio
overall,ALL,20000,69222,59821,0.8641905752506429,14036,0.7018,18883,12919,0.6841603558756554,49.40705,50.0,50.0,50.0,50,29,0.9999907911220394
country,India,8003,27726,23379,0.843215754165765,5170,0.6460077470948394,7556,4723,0.6250661725780836,48.806697488441834,50.0,50.0,50.0,50,23,0.999988191964213
country,US,11997,41496,36442,0.8782051282051282,8866,0.7390180878552972,11327,8196,0.7235808245784409,49.80753521713762,50.0,50.0,50.0,50,6,0.9999919494815528
source,S2,20000,33376,29104,0.8720038350910834,16575,0.82875,17415,13990,0.8033304622451909,24.7007,25.0,25.0,25.0,25,47,0.9999905616606048
source_country,S2|India,8003,13402,11460,0.8550962542904044,6403,0.8000749718855429,6957,5357,0.7700158114129654,24.3823566162689,25.0,25.0,25.0,25,37,0.9999879163600457
source_country,S2|US,11997,19974,17644,0.8833483528587164,10172,0.8478786363257481,10458,8633,0.8254924459743737,24.913061598733016,25.0,25.0,25.0,25,10,0.9999917419380762
source,S3,20000,35846,30717,0.8569156949171456,16081,0.80405,17579,13660,0.777063541725923,24.70635,25.0,25.0,25.0,25,48,0.9999910096423232
source_country,S3|India,8003,14324,11919,0.8320999720748394,6135,0.7665875296763713,7036,5168,0.7345082433200683,24.424340872172934,25.0,25.0,25.0,25,40,0.9999884548342003
source_country,S3|US,11997,21522,18798,0.8734318371898523,9946,0.8290405934817038,10543,8492,0.8054633406051408,24.8944736184046,25.0,25.0,25.0,25,8,0.9999921469924763
