split,source,field,missing_count,missing_rate
train,S1,entity_id,0,0.0
train,S1,business_name,0,0.0
train,S1,business_address,0,0.0
train,S1,country,0,0.0
train,S2,entity_id,0,0.0
train,S2,business_name,0,0.0
train,S2,business_address,168967,0.03356105013768677
train,S2,country,0,0.0
train,S3,entity_id,0,0.0
train,S3,business_name,0,0.0
train,S3,business_address,175916,0.033282106128666875
train,S3,country,0,0.0
test,S1,entity_id,0,0.0
test,S1,business_name,0,0.0
test,S1,business_address,0,0.0
test,S1,country,0,0.0
test,S2,entity_id,0,0.0
test,S2,business_name,0,0.0
test,S2,business_address,129408,0.02647856995097266
test,S2,country,0,0.0
test,S3,entity_id,0,0.0
test,S3,business_name,0,0.0
test,S3,business_address,136098,0.026778736308407425
test,S3,country,0,0.0
