dimension,group,pair_count,raw_name_exact_rate,normalized_name_exact_rate,raw_address_exact_rate,normalized_address_exact_rate,right_address_missing_rate
overall,ALL,100000,0.04615,0.2152,0.02214,0.08242,0.04494
source,S2,48356,0.04708826205641492,0.2109355612540326,0.0,0.12455538092480768,0.046633303002729755
source,S3,51644,0.04527147393695299,0.21919293625590583,0.04287042057160561,0.042967237239563166,0.04335450391139339
country,India,40109,0.026502779924705178,0.15452890872372785,0.022064873220474207,0.07723952230172779,0.04063925802189035
country,US,59891,0.05930774239869095,0.25583142709255147,0.022190312400861566,0.08588936568098712,0.04782020670885442
source_country,S2|India,19465,0.025224762394040586,0.14318006678653994,0.0,0.11343436938094015,0.04053429231954791
source_country,S2|US,28891,0.061818559412965976,0.2565850957045447,0.0,0.13204804264303763,0.050742445744349454
source_country,S3|India,20644,0.027707808564231738,0.16522960666537492,0.04286959891493897,0.04311180003875218,0.040738229025382676
source_country,S3|US,31000,0.05696774193548387,0.2551290322580645,0.04287096774193548,0.04287096774193548,0.045096774193548385
