dimension,group,metric,p01,p05,p10,p25,p50,p75,p90,p95,p99
overall,ALL,name_ratio,8.333333333333337,10.81081081081081,50.0,72.97297297297297,87.5,96.15384615384616,100.0,100.0,100.0
overall,ALL,name_token_set_ratio,8.219178082191775,10.714285714285708,48.484848484848484,87.5,100.0,100.0,100.0,100.0,100.0
overall,ALL,name_token_sort_ratio,8.21917808219178,10.71428571428571,43.99999999999999,73.6842105263158,89.47368421052632,100.0,100.0,100.0,100.0
overall,ALL,address_ratio,0.0,28.235294117647058,46.15384615384615,65.38461538461539,82.75862068965517,91.80327868852459,97.67441860465115,100.0,100.0
overall,ALL,address_token_set_ratio,0.0,55.73770491803279,73.6842105263158,85.71428571428571,93.61702127659575,98.39572192513369,100.0,100.0,100.0
overall,ALL,address_token_sort_ratio,0.0,31.42739079102717,56.00000000000001,77.19298245614034,87.37864077669903,94.26751592356688,100.0,100.0,100.0
overall,ALL,name_token_jaccard,0.0,0.0,0.0,0.5,0.6666666666666666,1.0,1.0,1.0,1.0
overall,ALL,address_token_jaccard,0.0,0.1111111111111111,0.25,0.42857142857142855,0.6363636363636364,0.8,1.0,1.0,1.0
overall,ALL,digit_token_overlap,0.0,0.0,0.0,0.5,1.0,1.0,1.0,1.0,1.0
overall,ALL,postal_like_agreement,0.0,0.0,0.0,0.0,0.0,1.0,1.0,1.0,1.0
source,S2,name_ratio,7.9999999999999964,9.836065573770492,28.388278388278387,72.72727272727273,88.0,96.0,100.0,100.0,100.0
source,S2,name_token_set_ratio,8.0,9.836065573770497,27.58620689655173,86.27450980392157,100.0,100.0,100.0,100.0,100.0
source,S2,name_token_sort_ratio,7.9999999999999964,9.836065573770492,26.894374282433986,73.84615384615385,89.47368421052632,100.0,100.0,100.0,100.0
source,S2,address_ratio,0.0,32.96056884292179,51.21951219512195,70.83333333333333,86.31578947368422,94.73684210526316,100.0,100.0,100.0
source,S2,address_token_set_ratio,0.0,59.50772200772201,79.3103448275862,90.69767441860465,96.15384615384616,100.0,100.0,100.0,100.0
source,S2,address_token_sort_ratio,0.0,38.44615384615385,65.625,81.75182481751825,91.52542372881356,96.66666666666667,100.0,100.0,100.0
source,S2,name_token_jaccard,0.0,0.0,0.0,0.5,0.6666666666666666,1.0,1.0,1.0,1.0
source,S2,address_token_jaccard,0.0,0.19761904761904764,0.36363636363636365,0.5,0.7142857142857143,0.8888888888888888,1.0,1.0,1.0
source,S2,digit_token_overlap,0.0,0.0,0.0,0.0,1.0,1.0,1.0,1.0,1.0
source,S2,postal_like_agreement,0.0,0.0,0.0,0.0,0.0,1.0,1.0,1.0,1.0
source,S3,name_ratio,8.695652173913048,16.216216216216218,54.28571428571429,73.01587301587303,87.5,96.2962962962963,100.0,100.0,100.0
source,S3,name_token_set_ratio,8.57142857142857,15.78947368421052,57.77777777777778,88.88888888888889,100.0,100.0,100.0,100.0,100.0
source,S3,name_token_sort_ratio,8.571428571428575,15.384615384615385,49.122807017543856,73.6842105263158,89.1891891891892,100.0,100.0,100.0,100.0
source,S3,address_ratio,0.0,27.03547297297298,42.50590551181104,60.31746031746032,79.64601769911505,88.57142857142857,94.03973509933775,97.40259740259741,100.0
source,S3,address_token_set_ratio,0.0,54.054054054054056,70.4225352112676,82.53968253968254,90.0,95.38461538461539,98.26589595375722,100.0,100.0
source,S3,address_token_sort_ratio,0.0,30.15873015873016,49.131727624145114,73.23943661971832,84.21052631578947,90.69767441860466,95.89041095890411,100.0,100.0
source,S3,name_token_jaccard,0.0,0.0,0.0,0.5,0.6666666666666666,1.0,1.0,1.0,1.0
source,S3,address_token_jaccard,0.0,0.10526315789473684,0.2222222222222222,0.36363636363636365,0.5,0.7142857142857143,0.8571428571428571,1.0,1.0
source,S3,digit_token_overlap,0.0,0.0,0.0,0.5,1.0,1.0,1.0,1.0,1.0
source,S3,postal_like_agreement,0.0,0.0,0.0,0.0,0.0,1.0,1.0,1.0,1.0
country,India,name_ratio,7.14285714285714,8.955223880597018,9.999999999999998,60.60606060606061,82.35294117647058,93.5483870967742,100.0,100.0,100.0
country,India,name_token_set_ratio,7.017543859649123,8.955223880597018,10.0,70.83333333333333,94.11764705882354,100.0,100.0,100.0,100.0
country,India,name_token_sort_ratio,7.017543859649122,8.955223880597018,9.999999999999998,58.06451612903225,85.24590163934427,95.23809523809523,100.0,100.0,100.0
country,India,address_ratio,0.0,26.785714285714292,39.603960396039604,61.53846153846154,81.30081300813008,91.93548387096774,97.9020979020979,100.0,100.0
country,India,address_token_set_ratio,0.0,58.333333333333336,77.61194029850746,89.65517241379311,95.65217391304348,100.0,100.0,100.0,100.0
country,India,address_token_sort_ratio,0.0,30.08849557522124,44.44444444444444,71.875,87.4074074074074,94.11764705882352,100.0,100.0,100.0
country,India,name_token_jaccard,0.0,0.0,0.0,0.25,0.6,0.75,1.0,1.0,1.0
country,India,address_token_jaccard,0.0,0.14285714285714285,0.25,0.5333333333333333,0.75,0.875,1.0,1.0,1.0
country,India,digit_token_overlap,0.0,0.0,0.0,0.5,1.0,1.0,1.0,1.0,1.0
country,India,postal_like_agreement,0.0,0.0,0.0,0.0,0.0,0.0,0.0,1.0,1.0
country,US,name_ratio,25.0,57.89473684210527,66.66666666666667,78.57142857142857,90.0,100.0,100.0,100.0,100.0
country,US,name_token_set_ratio,25.0,60.0,77.77777777777777,92.3076923076923,100.0,100.0,100.0,100.0,100.0
country,US,name_token_sort_ratio,25.0,52.17391304347826,63.41463414634146,79.06976744186046,91.30434782608697,100.0,100.0,100.0,100.0
country,US,address_ratio,0.0,37.68115942028986,50.0,67.74193548387098,83.33333333333334,91.66666666666666,97.43589743589743,100.0,100.0
country,US,address_token_set_ratio,0.0,53.24894514767932,72.0,83.63636363636364,91.89189189189189,96.29629629629629,100.0,100.0,100.0
country,US,address_token_sort_ratio,0.0,48.275862068965516,66.66666666666667,78.94736842105263,87.32394366197182,94.33962264150944,100.0,100.0,100.0
country,US,name_token_jaccard,0.0,0.0,0.3333333333333333,0.5,0.6666666666666666,1.0,1.0,1.0,1.0
country,US,address_token_jaccard,0.0,0.1,0.25,0.4,0.5555555555555556,0.7142857142857143,1.0,1.0,1.0
country,US,digit_token_overlap,0.0,0.0,0.0,0.0,1.0,1.0,1.0,1.0,1.0
country,US,postal_like_agreement,0.0,0.0,0.0,0.0,0.0,1.0,1.0,1.0,1.0
source_country,S2|India,name_ratio,6.666666666666665,8.695652173913048,9.523809523809524,51.42857142857142,81.4814814814815,93.10344827586206,100.0,100.0,100.0
source_country,S2|India,name_token_set_ratio,6.666666666666671,8.695652173913047,9.523809523809518,47.05882352941177,92.85714285714286,100.0,100.0,100.0,100.0
source_country,S2|India,name_token_sort_ratio,6.666666666666665,8.695652173913048,9.523809523809524,44.89795918367348,84.61538461538461,94.73684210526316,100.0,100.0,100.0
source_country,S2|India,address_ratio,0.0,34.00272108843537,51.994110492286026,72.3076923076923,85.55555555555556,93.93939393939394,100.0,100.0,100.0
source_country,S2|India,address_token_set_ratio,0.0,70.19440493124705,84.45977011494253,92.42424242424242,100.0,100.0,100.0,100.0,100.0
source_country,S2|India,address_token_sort_ratio,0.0,39.2918192918193,60.4226618705036,80.40201005025126,90.56603773584906,95.86776859504133,100.0,100.0,100.0
source_country,S2|India,name_token_jaccard,0.0,0.0,0.0,0.0,0.6,0.75,1.0,1.0,1.0
source_country,S2|India,address_token_jaccard,0.0,0.22727272727272727,0.4166666666666667,0.6666666666666666,0.8181818181818182,0.9230769230769231,1.0,1.0,1.0
source_country,S2|India,digit_token_overlap,0.0,0.0,0.0,0.6666666666666666,1.0,1.0,1.0,1.0,1.0
source_country,S2|India,postal_like_agreement,0.0,0.0,0.0,0.0,0.0,0.0,0.0,1.0,1.0
source_country,S2|US,name_ratio,25.0,59.09090909090908,66.66666666666667,80.0,90.47619047619048,100.0,100.0,100.0,100.0
source_country,S2|US,name_token_set_ratio,25.0,60.0,77.41935483870968,91.66666666666667,100.0,100.0,100.0,100.0,100.0
source_country,S2|US,name_token_sort_ratio,25.0,53.84615384615385,64.86486486486487,80.95238095238095,91.66666666666666,100.0,100.0,100.0,100.0
source_country,S2|US,address_ratio,0.0,0.0,50.847457627118644,69.44444444444444,86.8421052631579,95.08196721311475,100.0,100.0,100.0
source_country,S2|US,address_token_set_ratio,0.0,0.0,75.75757575757575,89.47368421052632,94.91525423728814,100.0,100.0,100.0,100.0
source_country,S2|US,address_token_sort_ratio,0.0,0.0,68.42105263157895,82.66666666666667,92.13483146067416,96.96969696969697,100.0,100.0,100.0
source_country,S2|US,name_token_jaccard,0.0,0.0,0.3333333333333333,0.5,0.6666666666666666,1.0,1.0,1.0,1.0
source_country,S2|US,address_token_jaccard,0.0,0.0,0.3333333333333333,0.5,0.6666666666666666,0.7777777777777778,1.0,1.0,1.0
source_country,S2|US,digit_token_overlap,0.0,0.0,0.0,0.0,1.0,1.0,1.0,1.0,1.0
source_country,S2|US,postal_like_agreement,0.0,0.0,0.0,0.0,0.0,1.0,1.0,1.0,1.0
source_country,S3|India,name_ratio,7.692307692307687,9.523809523809524,11.764705882352944,64.70588235294117,82.75862068965517,94.11764705882352,100.0,100.0,100.0
source_country,S3|India,name_token_set_ratio,7.5,9.375,11.538461538461533,81.04890604890605,95.65217391304348,100.0,100.0,100.0,100.0
source_country,S3|India,name_token_sort_ratio,7.499999999999996,9.375,11.538461538461542,64.86486486486487,85.71428571428572,96.0,100.0,100.0,100.0
source_country,S3|India,address_ratio,0.0,24.390243902439025,34.78260869565217,52.05479452054795,75.78947368421053,89.01910334132243,95.14563106796116,98.01980198019803,100.0
source_country,S3|India,address_token_set_ratio,0.0,53.333333333333336,72.22222222222223,86.95652173913044,93.58386262055987,97.24770642201835,100.0,100.0,100.0
source_country,S3|India,address_token_sort_ratio,0.0,26.82926829268293,38.625391849529784,58.47503373819163,83.6734693877551,91.92546583850931,96.89275362318841,100.0,100.0
source_country,S3|India,name_token_jaccard,0.0,0.0,0.0,0.3333333333333333,0.6,0.8,1.0,1.0,1.0
source_country,S3|India,address_token_jaccard,0.0,0.125,0.21052631578947367,0.38461538461538464,0.6666666666666666,0.8181818181818182,0.9,1.0,1.0
source_country,S3|India,digit_token_overlap,0.0,0.0,0.0,0.5,1.0,1.0,1.0,1.0,1.0
source_country,S3|India,postal_like_agreement,0.0,0.0,0.0,0.0,0.0,0.0,0.0,1.0,1.0
source_country,S3|US,name_ratio,25.0,56.25,65.21739130434783,77.41935483870968,89.47368421052632,100.0,100.0,100.0,100.0
source_country,S3|US,name_token_set_ratio,25.0,60.0,78.04878048780488,92.53731343283582,100.0,100.0,100.0,100.0,100.0
source_country,S3|US,name_token_sort_ratio,24.390243902439025,51.162790697674424,61.904761904761905,77.77777777777779,90.9090909090909,100.0,100.0,100.0,100.0
source_country,S3|US,address_ratio,0.0,39.391455538996524,49.056603773584904,66.66666666666667,81.17376955086814,88.42105263157895,93.10344827586206,96.7741935483871,100.0
source_country,S3|US,address_token_set_ratio,0.0,54.54545454545455,69.56521739130434,80.76923076923077,87.32394366197182,94.33962264150944,96.0,100.0,100.0
source_country,S3|US,address_token_sort_ratio,0.0,50.0,65.51724137931035,76.92307692307692,84.375,90.0,95.08196721311475,100.0,100.0
source_country,S3|US,name_token_jaccard,0.0,0.0,0.3333333333333333,0.5,0.6666666666666666,1.0,1.0,1.0,1.0
source_country,S3|US,address_token_jaccard,0.0,0.1,0.2222222222222222,0.3333333333333333,0.4444444444444444,0.625,0.7142857142857143,1.0,1.0
source_country,S3|US,digit_token_overlap,0.0,0.0,0.0,0.5,1.0,1.0,1.0,1.0,1.0
source_country,S3|US,postal_like_agreement,0.0,0.0,0.0,0.0,0.0,1.0,1.0,1.0,1.0
