split,source,field,non_missing_count,mean,min,p25,p50,p75,p90,p95,p99,max
train,S1,business_name,2206821,24.03440333402664,3,18.0,24.0,30.0,34.0,37.0,42.0,105
train,S1,business_address,2206821,52.06621289175697,11,33.0,41.0,70.0,90.0,103.0,124.0,256
train,S2,business_name,5034616,25.103574930044317,2,19.0,25.0,31.0,37.0,40.0,48.0,104
train,S2,business_address,4865649,47.831172984323366,8,31.0,37.0,63.0,84.0,97.0,118.0,249
train,S3,business_name,5285603,25.202143823514554,2,18.0,25.0,31.0,37.0,42.0,50.0,123
train,S3,business_address,5109687,48.32271918025507,2,35.0,42.0,55.0,78.0,92.0,116.0,240
test,S1,business_name,1732544,23.83642608788002,3,18.0,24.0,29.0,34.0,36.0,42.0,92
test,S1,business_address,1732544,57.213179578700455,11,36.0,50.0,74.0,93.0,105.0,126.0,268
test,S2,business_name,4887273,25.703646184692364,2,19.0,25.0,32.0,38.0,42.0,49.0,102
test,S2,business_address,4757865,51.78458741473329,5,32.0,43.0,68.0,87.0,99.0,120.0,269
test,S3,business_name,5082316,25.65519440349636,2,19.0,25.0,32.0,38.0,42.0,50.0,103
test,S3,business_address,4946218,50.08159264310631,5,36.0,44.0,59.0,82.0,95.0,118.0,267
