sample,dimension,group,entity_count,true_link_count,retained_true_link_count,positive_link_recall,matched_all_true_links_retained_rate,average_candidates,median_candidates,p95_candidates,p99_candidates,max_candidates,zero_candidate_entities,query_seconds,peak_rss_mb,average_query_seconds_per_s1,projected_1732544_s1_query_hours,recall_before_cap,source_query_count,average_intersection_planned_pairs_per_source_query,p95_intersection_planned_pairs_per_source_query,average_intersection_queries_per_source_query,p95_intersection_queries_per_source_query,average_intersection_pairs_skipped_anchor_per_source_query,p95_intersection_pairs_skipped_anchor_per_source_query,average_intersection_pairs_skipped_selectivity_per_source_query,p95_intersection_pairs_skipped_selectivity_per_source_query,average_intersection_pairs_skipped_term_quota_per_source_query,p95_intersection_pairs_skipped_term_quota_per_source_query,average_intersection_pairs_skipped_candidate_budget_per_source_query,p95_intersection_pairs_skipped_candidate_budget_per_source_query,average_intersection_overflows_per_source_query,p95_intersection_overflows_per_source_query,average_intersection_nonempty_successes_per_source_query,p95_intersection_nonempty_successes_per_source_query,average_intersection_empty_probes_per_source_query,p95_intersection_empty_probes_per_source_query,average_intersection_unique_candidate_ids_per_source_query,p95_intersection_unique_candidate_ids_per_source_query,average_intersection_candidate_budget_reached_per_source_query,p95_intersection_candidate_budget_reached_per_source_query,average_candidates_before_cap_per_source_query,p95_candidates_before_cap_per_source_query,average_eligible_before_final_cap_per_source_query,p95_eligible_before_final_cap_per_source_query,average_selected_candidates_per_source_query,p95_selected_candidates_per_source_query,average_intersection_sql_seconds_per_source_query,p95_intersection_sql_seconds_per_source_query,average_intersection_total_seconds_per_source_query,p95_intersection_total_seconds_per_source_query,intersection_scheduler,average_intersection_probes_per_source_query,p95_intersection_probes_per_source_query,intersection_sql_seconds,intersection_total_seconds,cap_hit_rate_per_source_query,cap_truncated_rate_per_source_query,average_exact_candidates_per_s1,average_token_candidates_per_s1,average_token_only_candidates_per_s1,average_selected_exact_candidates_per_s1,average_candidates_before_cap_per_s1,average_postings_looked_up_per_s1,average_posting_ids_returned_per_s1,average_intersection_queries_per_s1,average_intersection_overflows_per_s1,average_exact_overflow_passes_per_s1,average_intersection_pairs_considered_per_s1,average_intersection_pairs_skipped_rules_per_s1,average_intersection_pairs_skipped_anchor_per_s1,average_intersection_pairs_skipped_selectivity_per_s1,average_intersection_pairs_skipped_term_quota_per_s1,average_intersection_nonempty_successes_per_s1,average_intersection_unique_candidate_ids_per_s1
s1_1000,overall,ALL,1000,3554,3323,0.9350028137310074,0.814968814968815,119.1,120.0,120.0,120.0,120,0,62.73708286100191,251.88671875,0.06273708286100191,30.192987913425473,0.9552616769836804,2000,13.655,14.0,10.342,14.0,4.3595,21.0,13.0675,39.0,0.4235,3.0,3.313,9.0,0.708,3.0,8.759,14.0,0.875,4.0,199.4025,292.0,0.6695,1.0,240.645,380.04999999999995,93.0255,118.0,59.55,60.0,0.016416030462003278,0.03266800964976823,0.017122733709500265,0.0334422055500454,selective_v2_compact,10.342,14.0,32.832060924006555,34.24546741900053,0.967,0.9635,11.733,474.139,469.557,9.17,481.29,43.323,528.296,20.684,1.416,0.0,99.57,34.854,8.719,26.135,0.847,17.518,398.805
s1_1000,country,India,413,1496,1360,0.9090909090909091,0.76,119.46004842615012,120.0,120.0,120.0,120,0,29.581902639001783,251.88671875,0.07162688290315201,34.47131283682183,0.9217914438502673,826,13.799031476997579,14.0,9.62227602905569,14.0,9.025423728813559,26.25,23.818401937046005,47.0,0.6634382566585957,6.0,4.176755447941889,9.0,0.9491525423728814,3.0,8.106537530266344,13.0,0.5665859564164649,3.0,217.59685230024212,295.0,0.7893462469733656,1.0,237.31719128329297,322.0,90.32929782082324,116.0,59.73002421307506,60.0,0.019060599438260425,0.040729262000155586,0.020035809669491905,0.04131279950001954,selective_v2_compact,9.62227602905569,14.0,15.744055136003112,16.549578787000314,0.9733656174334141,0.9709443099273608,5.784503631961259,472.16464891041164,468.8498789346247,5.767554479418886,474.63438256658594,40.68765133171913,527.9031476997578,19.24455205811138,1.8983050847457628,0.0,159.16707021791768,65.68765133171912,18.050847457627118,47.63680387409201,1.3268765133171914,16.213075060532688,435.19370460048424
s1_1000,country,US,587,2058,1963,0.9538386783284742,0.8540925266903915,118.84667802385009,120.0,120.0,120.0,120,0,33.155180222000126,251.88671875,0.056482419458262566,27.18285470497113,0.9795918367346939,1174,13.55366269165247,14.0,10.848381601362862,14.0,1.0766609880749574,3.0,5.503407155025553,13.0,0.25468483816013626,2.0,2.705281090289608,8.0,0.5383304940374787,2.0,9.218057921635435,14.0,1.091993185689949,4.0,186.60136286201023,282.3499999999999,0.5851788756388415,1.0,242.98637137989778,417.6999999999998,94.92248722316866,127.0,59.423339011925044,60.0,0.014555371199321501,0.030112665550024065,0.015073158971039368,0.030611859200013213,selective_v2_compact,10.848381601362862,14.0,17.088005788003443,17.69588863200022,0.9625212947189097,0.9582623509369677,15.918228279386712,475.52810902896084,470.05451448040884,11.56388415672913,485.97274275979555,45.17717206132879,528.572402044293,21.696763202725723,1.0766609880749574,0.0,57.63884156729131,13.160136286201022,2.1533219761499147,11.006814310051107,0.5093696763202725,18.43611584327087,373.20272572402047
s1_1000,source,S2,1000,1722,1624,0.943089430894309,0.9016949152542373,59.496,60.0,60.0,60.0,60,0,30.41236283300077,251.88671875,0.03041236283300077,14.636321320038467,0.9570267131242741,1000,13.662,14.0,10.495,14.0,5.044,21.0,12.73,39.0,0.486,3.0,3.167,9.0,0.69,3.0,8.751,14.0,1.054,4.0,196.103,292.04999999999995,0.642,1.0,237.77,375.2499999999998,92.639,118.0,59.496,60.0,0.015639632313006472,0.03120465099999591,0.016339453628999193,0.03174593489998188,selective_v2_compact,10.495,14.0,15.639632313006473,16.339453628999195,0.962,0.96,5.573,234.552,232.197,4.361,237.77,21.981,261.661,10.495,0.69,0.0,49.84,17.774,5.044,12.73,0.486,8.751,196.103
s1_1000,source_country,S2|India,413,721,661,0.9167822468793343,0.8540540540540541,59.714285714285715,60.0,60.0,60.0,60,0,14.48211115600111,251.88671875,0.03506564444552327,16.87576996950685,0.9278779472954231,413,13.760290556900726,14.0,9.7409200968523,14.0,10.956416464891042,28.0,23.544794188861985,45.39999999999998,0.8619854721549637,7.399999999999977,4.019370460048426,9.0,0.9443099273607748,3.0,8.295399515738499,13.0,0.5012106537530266,2.0,214.78692493946733,294.4,0.7675544794188862,1.0,233.3680387409201,313.0,90.09443099273608,116.0,59.714285714285715,60.0,0.018450963387419052,0.03994975980008343,0.019397988276029007,0.041210335000050634,selective_v2_compact,9.7409200968523,14.0,7.620247879004069,8.01136915799998,0.9661016949152542,0.9612590799031477,2.2953995157384988,232.60290556900728,231.0726392251816,2.2953995157384988,233.3680387409201,20.571428571428573,262.6004842615012,9.7409200968523,0.9443099273607748,0.0,79.7409200968523,34.50121065375303,10.956416464891042,23.544794188861985,0.8619854721549637,8.295399515738499,214.78692493946733
s1_1000,source_country,S2|US,587,1001,963,0.962037962037962,0.9359223300970874,59.34241908006814,60.0,60.0,60.0,60,0,15.93025167699966,251.88671875,0.02713841852981203,13.060695609254068,0.978021978021978,587,13.592844974446336,14.0,11.025553662691653,14.0,0.8841567291311755,3.0,5.120954003407155,12.0,0.22146507666098808,2.0,2.5672913117546847,8.0,0.5110732538330494,2.0,9.071550255536627,14.0,1.442930153321976,5.0,182.95741056218057,287.39999999999986,0.5536626916524702,1.0,240.8671209540034,410.39999999999986,94.42930153321976,123.39999999999986,59.34241908006814,60.0,0.013661642988079052,0.028007298300008178,0.014187537429300196,0.028518211500011142,selective_v2_compact,11.025553662691653,14.0,8.019384434002404,8.328084470999215,0.959114139693356,0.959114139693356,7.879045996592845,235.92333901192504,232.98807495741056,5.814310051107325,240.8671209540034,22.972742759795572,261.0,11.025553662691653,0.5110732538330494,0.0,28.802385008517888,6.005110732538331,0.8841567291311755,5.120954003407155,0.22146507666098808,9.071550255536627,182.95741056218057
s1_1000,source,S3,1000,1832,1699,0.9274017467248908,0.8747203579418344,59.604,60.0,60.0,60.0,60,0,32.32472002800114,251.88671875,0.03232472002800114,15.556666593387002,0.9536026200873362,1000,13.648,14.0,10.189,14.0,3.675,15.0,13.405,39.049999999999955,0.361,2.0499999999999545,3.459,9.0,0.726,3.0,8.767,14.0,0.696,3.0499999999999545,202.702,291.0,0.697,1.0,243.52,381.04999999999995,93.412,118.0,59.604,60.0,0.017192428611000083,0.03430963135004954,0.017906013790001337,0.03483105404991415,selective_v2_compact,10.189,14.0,17.192428611000082,17.90601379000134,0.972,0.967,6.16,239.587,237.36,4.809,243.52,21.342,266.635,10.189,0.726,0.0,49.73,17.08,3.675,13.405,0.361,8.767,202.702
s1_1000,source_country,S3|India,413,775,699,0.9019354838709678,0.839142091152815,59.74576271186441,60.0,60.0,60.0,60,0,15.099791483000672,251.88671875,0.03656123845762874,17.595542867314983,0.9161290322580645,413,13.837772397094431,14.0,9.50363196125908,14.0,7.094430992736077,21.0,24.092009685230025,48.39999999999998,0.4648910411622276,4.399999999999977,4.3341404358353515,9.0,0.9539951573849879,3.0,7.9176755447941884,12.0,0.6319612590799032,3.0,220.40677966101694,295.79999999999995,0.8111380145278451,1.0,241.26634382566587,327.0,90.5641646489104,116.0,59.74576271186441,60.0,0.019670235489101802,0.04061507520020768,0.020673631062954806,0.04125943220001318,selective_v2_compact,9.50363196125908,14.0,8.123807256999044,8.538209629000335,0.9806295399515739,0.9806295399515739,3.4891041162227605,239.56174334140437,237.7772397094431,3.4721549636803872,241.26634382566587,20.116222760290558,265.3026634382567,9.50363196125908,0.9539951573849879,0.0,79.42615012106538,31.1864406779661,7.094430992736077,24.092009685230025,0.4648910411622276,7.9176755447941884,220.40677966101694
s1_1000,source_country,S3|US,587,1057,1000,0.9460737937559129,0.9001919385796545,59.50425894378194,60.0,60.0,60.0,60,0,17.224928545000466,251.88671875,0.029344000928450537,14.122159095717057,0.9810785241248817,587,13.514480408858603,14.0,10.671209540034072,14.0,1.2691652470187393,3.0,5.885860306643952,14.0,0.2879045996592845,2.0,2.8432708688245314,8.0,0.565587734241908,2.0,9.364565587734242,14.0,0.7410562180579217,4.0,190.24531516183987,279.69999999999993,0.616695059625213,1.0,245.10562180579217,422.0999999999998,95.41567291311755,128.0,59.50425894378194,60.0,0.01544909941056395,0.031423558499875506,0.01595878051277854,0.0319377605999989,selective_v2_compact,10.671209540034072,14.0,9.068621354001039,9.367804161001004,0.9659284497444633,0.9574105621805792,8.039182282793867,239.60477001703578,237.0664395229983,5.7495741056218055,245.10562180579217,22.20442930153322,267.572402044293,10.671209540034072,0.565587734241908,0.0,28.836456558773424,7.155025553662692,1.2691652470187393,5.885860306643952,0.2879045996592845,9.364565587734242,190.24531516183987
