sample,dimension,group,entity_count,true_link_count,retained_true_link_count,positive_link_recall,matched_all_true_links_retained_rate,average_candidates,median_candidates,p95_candidates,p99_candidates,max_candidates,zero_candidate_entities,query_seconds,peak_rss_mb,average_query_seconds_per_s1,projected_1732544_s1_query_hours,recall_before_cap,source_query_count,cap_hit_rate_per_source_query,cap_truncated_rate_per_source_query,average_exact_candidates_per_s1,average_token_candidates_per_s1,average_token_only_candidates_per_s1,average_selected_exact_candidates_per_s1,average_candidates_before_cap_per_s1,average_postings_looked_up_per_s1,average_posting_ids_returned_per_s1,average_intersection_queries_per_s1,average_intersection_overflows_per_s1,average_exact_overflow_passes_per_s1
s1_1000,overall,ALL,1000,3554,3212,0.9037703995498031,0.7463617463617463,64.014,80.0,80.0,80.0,80,0,14.32738093500302,242.36328125,0.01432738093500302,6.8952271874038535,0.9251547552054024,2000,0.6155,0.5715,11.733,147.965,146.036,8.647,157.769,41.573,198.351,19.809,0.257,0.0
s1_1000,country,India,413,1496,1326,0.8863636363636364,0.715,60.01452784503632,70.0,80.0,80.0,80,0,4.663176402016688,242.36328125,0.011290984024253483,5.433924062587841,0.8890374331550802,826,0.5072639225181598,0.4685230024213075,5.784503631961259,107.37772397094432,106.15980629539952,5.757869249394673,111.94430992736078,41.79176755447942,169.33414043583534,19.796610169491526,0.27602905569007263,0.0
s1_1000,country,US,587,2058,1886,0.9164237123420796,0.7686832740213523,66.82793867120954,80.0,80.0,80.0,80,0,9.664204532986332,242.36328125,0.016463721521271436,7.923367205374916,0.9514091350826045,1174,0.6916524701873935,0.6439522998296422,15.918228279386712,176.5212947189097,174.09199318568994,10.679727427597955,190.01022146507665,41.4190800681431,218.76660988074957,19.81771720613288,0.24361158432708688,0.0
s1_1000,source,S2,1000,1722,1572,0.9128919860627178,0.8519774011299435,31.702,40.0,40.0,40.0,40,2,7.040013420006289,242.36328125,0.00704001342000629,3.3880925029864937,0.9239256678281068,1000,0.601,0.558,5.573,73.956,72.909,4.104,78.482,20.867,99.122,9.938,0.119,0.0
s1_1000,source_country,S2|India,413,721,649,0.9001386962552012,0.827027027027027,29.840193704600484,39.0,40.0,40.0,40,1,2.474348865027423,242.36328125,0.005991159479485286,2.8833187247848207,0.9042995839112344,413,0.4915254237288136,0.4552058111380145,2.2953995157384988,56.28329297820823,55.56174334140436,2.2929782082324457,57.857142857142854,20.99273607748184,90.00968523002422,9.951573849878935,0.14527845036319612,0.0
s1_1000,source_country,S2|US,587,1001,923,0.922077922077922,0.8699029126213592,33.01192504258944,40.0,40.0,40.0,40,1,4.565664554978866,242.36328125,0.007777963466744236,3.7432399823685905,0.938061938061938,587,0.6780238500851788,0.6303236797274276,7.879045996592845,86.3901192504259,85.11413969335605,5.378194207836456,92.99318568994889,20.778534923339013,105.53321976149915,9.928449744463373,0.10051107325383304,0.0
s1_1000,source,S3,1000,1832,1640,0.8951965065502183,0.831096196868009,32.312,40.0,40.0,40.0,40,1,7.287367514996731,242.36328125,0.007287367514996731,3.5071346844173603,0.9263100436681223,1000,0.63,0.585,6.16,74.009,73.127,4.543,79.287,20.706,99.229,9.871,0.138,0.0
s1_1000,source_country,S3|India,413,775,677,0.8735483870967742,0.7989276139410187,30.174334140435835,40.0,40.0,40.0,40,1,2.1888275369892654,242.36328125,0.0052998245447681966,2.5506053378030193,0.8748387096774194,413,0.5230024213075061,0.48184019370460046,3.4891041162227605,51.09443099273608,50.59806295399516,3.4648910411622276,54.087167070217916,20.79903147699758,79.32445520581113,9.845036319612591,0.13075060532687652,0.0
s1_1000,source_country,S3|US,587,1057,963,0.9110690633869442,0.8541266794625719,33.816013628620105,40.0,40.0,40.0,40,0,5.098539978007466,242.36328125,0.008685758054527199,4.180127223006325,0.9640491958372753,587,0.7052810902896082,0.6575809199318569,8.039182282793867,90.13117546848382,88.9778534923339,5.301533219761499,97.01703577512777,20.64054514480409,113.23339011925043,9.889267461669506,0.14310051107325383,0.0
s1_5000,overall,ALL,5000,17207,15641,0.9089905271110594,0.7575116377486246,63.8378,80.0,80.0,80.0,80,0,71.38595820016235,267.48828125,0.01427719164003247,6.87107297577456,0.9311907944441216,10000,0.6029,0.5567,12.3606,151.6718,149.7912,8.7722,162.1518,41.6372,200.6474,19.8196,0.2576,0.0
s1_5000,country,India,2030,6970,6244,0.8958393113342898,0.7366233766233766,59.176847290640396,69.0,80.0,80.0,80,0,23.73713561314071,267.48828125,0.011693170252778674,5.627481100675048,0.8992826398852224,4060,0.4921182266009852,0.4403940886699507,5.4177339901477835,112.37339901477833,111.22068965517241,5.409852216748768,116.6384236453202,41.775862068965516,169.13497536945812,19.75665024630542,0.33842364532019703,0.0
s1_5000,country,US,2970,10237,9397,0.9179447103643645,0.7718671902891824,67.02356902356902,80.0,80.0,80.0,80,0,47.64882258702164,267.48828125,0.016043374608424796,7.721070115994091,0.9529158933281234,5940,0.6786195286195286,0.6361952861952862,17.106060606060606,178.53232323232322,176.15420875420875,11.07037037037037,193.26026936026935,41.54242424242424,222.1861952861953,19.86262626262626,0.20235690235690235,0.0
s1_5000,source,S2,5000,8316,7611,0.9152236652236653,0.858728323699422,31.7158,40.0,40.0,40.0,40,6,35.297663824090705,267.48828125,0.007059532764818141,3.3974864262469673,0.9310966810966811,5000,0.5988,0.5514,5.9024,77.0438,76.0162,4.1634,81.9186,20.8978,101.4028,9.9406,0.123,0.0
s1_5000,source_country,S2|India,2030,3361,3066,0.9122285034216007,0.8511123787792356,29.62709359605911,39.0,40.0,40.0,40,1,12.621641011088286,267.48828125,0.006217557148319353,2.992275369993835,0.91520380839036,2030,0.496551724137931,0.4433497536945813,2.1206896551724137,59.385714285714286,58.7128078817734,2.1201970443349754,60.83349753694581,20.99113300492611,89.94679802955665,9.934482758620689,0.17635467980295566,0.0
s1_5000,source_country,S2|US,2970,4955,4545,0.917255297679112,0.8639191290824261,33.14343434343434,40.0,40.0,40.0,40,5,22.67602281300242,267.48828125,0.00763502451616243,3.6744488653694782,0.9418768920282543,2970,0.6686868686868687,0.6252525252525253,8.487205387205387,89.11313131313132,87.84309764309765,5.5599326599326595,96.33030303030303,20.834006734006735,109.23299663299663,9.944781144781144,0.08653198653198653,0.0
s1_5000,source,S3,5000,8891,8030,0.9031604993813969,0.8407846715328468,32.122,40.0,40.0,40.0,40,5,36.088294376071644,267.48828125,0.007217658875214329,3.473586549527593,0.931278821279946,5000,0.607,0.562,6.4582,74.628,73.775,4.6088,80.2332,20.7394,99.2446,9.879,0.1346,0.0
s1_5000,source_country,S3|India,2030,3609,3178,0.8805763369354391,0.8108561835478455,29.54975369458128,38.0,40.0,40.0,40,3,11.115494602052422,267.48828125,0.005475613104459321,2.6352057306812138,0.8844555278470491,2030,0.4876847290640394,0.4374384236453202,3.2970443349753693,52.98768472906404,52.50788177339901,3.2896551724137932,55.80492610837438,20.784729064039407,79.18817733990147,9.822167487684728,0.16206896551724137,0.0
s1_5000,source_country,S3|US,2970,5282,4852,0.9185914426353654,0.8613785136696188,33.88013468013468,40.0,40.0,40.0,40,2,24.972799774019222,267.48828125,0.008408350092262365,4.046621250624613,0.9632714880726997,2970,0.6885521885521886,0.6471380471380471,8.618855218855218,89.41919191919192,88.31111111111112,5.51043771043771,96.92996632996633,20.708417508417508,112.95319865319865,9.917845117845118,0.11582491582491583,0.0
