sample,source1_entity_id
s1_1000,S1-197826453
s1_1000,S1-681233599
s1_1000,S1-910993346
s1_1000,S1-757945054
s1_1000,S1-290854814
s1_1000,S1-532135828
s1_1000,S1-489863972
s1_1000,S1-127529460
s1_1000,S1-148743364
s1_1000,S1-348320286
s1_1000,S1-188014924
s1_1000,S1-787210237
s1_1000,S1-477547538
s1_1000,S1-822441485
s1_1000,S1-676890599
s1_1000,S1-569158628
s1_1000,S1-863311543
s1_1000,S1-581141524
s1_1000,S1-776008409
s1_1000,S1-125953774
s1_1000,S1-711797056
s1_1000,S1-1713613
s1_1000,S1-874244889
s1_1000,S1-112485790
s1_1000,S1-335303231
s1_1000,S1-764425963
s1_1000,S1-211293205
s1_1000,S1-138688101
s1_1000,S1-538960854
s1_1000,S1-281912479
s1_1000,S1-30134334
s1_1000,S1-773391278
s1_1000,S1-967399237
s1_1000,S1-100309770
s1_1000,S1-727603875
s1_1000,S1-415493702
s1_1000,S1-456974070
s1_1000,S1-461883442
s1_1000,S1-141200697
s1_1000,S1-531476391
s1_1000,S1-841216992
s1_1000,S1-195655668
s1_1000,S1-915817127
s1_1000,S1-221516828
s1_1000,S1-858438273
s1_1000,S1-879419565
s1_1000,S1-783804493
s1_1000,S1-468160746
s1_1000,S1-431232660
s1_1000,S1-158405639
s1_1000,S1-899768413
s1_1000,S1-421253980
s1_1000,S1-700204880
s1_1000,S1-273482307
s1_1000,S1-614569190
s1_1000,S1-177222339
s1_1000,S1-762724009
s1_1000,S1-167019398
s1_1000,S1-321797136
s1_1000,S1-514299264
s1_1000,S1-387363895
s1_1000,S1-48122097
s1_1000,S1-403142081
s1_1000,S1-756082596
s1_1000,S1-455236690
s1_1000,S1-323308288
s1_1000,S1-318532201
s1_1000,S1-149793766
s1_1000,S1-654838535
s1_1000,S1-867508332
s1_1000,S1-181933717
s1_1000,S1-492734844
s1_1000,S1-412918045
s1_1000,S1-130795020
s1_1000,S1-818732511
s1_1000,S1-966769496
s1_1000,S1-604234644
s1_1000,S1-970543893
s1_1000,S1-753418700
s1_1000,S1-143815498
s1_1000,S1-405331834
s1_1000,S1-479745393
s1_1000,S1-427745320
s1_1000,S1-878238472
s1_1000,S1-177242080
s1_1000,S1-514524433
s1_1000,S1-368975208
s1_1000,S1-416368005
s1_1000,S1-774688070
s1_1000,S1-154389957
s1_1000,S1-619997739
s1_1000,S1-337076534
s1_1000,S1-107342523
s1_1000,S1-996331863
s1_1000,S1-218396099
s1_1000,S1-278891792
s1_1000,S1-167735850
s1_1000,S1-10023404
s1_1000,S1-105174860
s1_1000,S1-74282883
s1_1000,S1-449905273
s1_1000,S1-583248454
s1_1000,S1-380737728
s1_1000,S1-579315496
s1_1000,S1-144692554
s1_1000,S1-750911675
s1_1000,S1-163567129
s1_1000,S1-357016874
s1_1000,S1-409176003
s1_1000,S1-121010724
s1_1000,S1-24665483
s1_1000,S1-909373815
s1_1000,S1-309786236
s1_1000,S1-687394374
s1_1000,S1-680746477
s1_1000,S1-585283089
s1_1000,S1-879203325
s1_1000,S1-844761107
s1_1000,S1-304946100
s1_1000,S1-515747615
s1_1000,S1-384966707
s1_1000,S1-744779380
s1_1000,S1-894981152
s1_1000,S1-599108848
s1_1000,S1-265935406
s1_1000,S1-384623955
s1_1000,S1-642055972
s1_1000,S1-841451402
s1_1000,S1-909919632
s1_1000,S1-364947441
s1_1000,S1-431196769
s1_1000,S1-939078389
s1_1000,S1-804230106
s1_1000,S1-81605219
s1_1000,S1-669371909
s1_1000,S1-722211742
s1_1000,S1-344389867
s1_1000,S1-245158009
s1_1000,S1-20197629
s1_1000,S1-207590961
s1_1000,S1-526366343
s1_1000,S1-949007210
s1_1000,S1-536563041
s1_1000,S1-527878296
s1_1000,S1-197999830
s1_1000,S1-329046602
s1_1000,S1-842422827
s1_1000,S1-97576031
s1_1000,S1-244663723
s1_1000,S1-827192339
s1_1000,S1-282340006
s1_1000,S1-735626336
s1_1000,S1-861072437
s1_1000,S1-150446399
s1_1000,S1-446119207
s1_1000,S1-63291897
s1_1000,S1-312045154
s1_1000,S1-737773396
s1_1000,S1-948556352
s1_1000,S1-973146494
s1_1000,S1-126889069
s1_1000,S1-742486561
s1_1000,S1-523035722
s1_1000,S1-901533271
s1_1000,S1-442961487
s1_1000,S1-213948267
s1_1000,S1-814233542
s1_1000,S1-235133990
s1_1000,S1-312881517
s1_1000,S1-783743077
s1_1000,S1-830888917
s1_1000,S1-844492132
s1_1000,S1-597189874
s1_1000,S1-776450551
s1_1000,S1-77076355
s1_1000,S1-304871029
s1_1000,S1-365107228
s1_1000,S1-645079990
s1_1000,S1-766635811
s1_1000,S1-944262355
s1_1000,S1-999486252
s1_1000,S1-311454962
s1_1000,S1-219437331
s1_1000,S1-381399100
s1_1000,S1-265117089
s1_1000,S1-992935020
s1_1000,S1-506161326
s1_1000,S1-312504034
s1_1000,S1-796436300
s1_1000,S1-311421838
s1_1000,S1-89277904
s1_1000,S1-277847890
s1_1000,S1-239536988
s1_1000,S1-543828787
s1_1000,S1-699857230
s1_1000,S1-969181893
s1_1000,S1-927504155
s1_1000,S1-110222779
s1_1000,S1-118782634
s1_1000,S1-790467803
s1_1000,S1-629371829
s1_1000,S1-217661413
s1_1000,S1-402565372
s1_1000,S1-855364465
s1_1000,S1-360190920
s1_1000,S1-802949812
s1_1000,S1-153755890
s1_1000,S1-265118127
s1_1000,S1-42128902
s1_1000,S1-655665109
s1_1000,S1-157773599
s1_1000,S1-760840682
s1_1000,S1-162034320
s1_1000,S1-96692956
s1_1000,S1-434796515
s1_1000,S1-610736130
s1_1000,S1-996502126
s1_1000,S1-796454810
s1_1000,S1-969427771
s1_1000,S1-189522612
s1_1000,S1-825077757
s1_1000,S1-498058980
s1_1000,S1-460505313
s1_1000,S1-623356040
s1_1000,S1-252619131
s1_1000,S1-655931201
s1_1000,S1-780423580
s1_1000,S1-377560297
s1_1000,S1-382849428
s1_1000,S1-707985814
s1_1000,S1-34034222
s1_1000,S1-513269657
s1_1000,S1-177954343
s1_1000,S1-178459407
s1_1000,S1-606275527
s1_1000,S1-887719275
s1_1000,S1-192732186
s1_1000,S1-608967414
s1_1000,S1-788669533
s1_1000,S1-828214924
s1_1000,S1-497411990
s1_1000,S1-526632358
s1_1000,S1-349678557
s1_1000,S1-515678303
s1_1000,S1-745006607
s1_1000,S1-371904317
s1_1000,S1-622658111
s1_1000,S1-337946117
s1_1000,S1-625817119
s1_1000,S1-295078193
s1_1000,S1-444041166
s1_1000,S1-644909060
s1_1000,S1-361137897
s1_1000,S1-41317566
s1_1000,S1-708966187
s1_1000,S1-800315369
s1_1000,S1-743238002
s1_1000,S1-75477466
s1_1000,S1-327462179
s1_1000,S1-374066313
s1_1000,S1-406521568
s1_1000,S1-111906316
s1_1000,S1-529891305
s1_1000,S1-231036087
s1_1000,S1-800917539
s1_1000,S1-462223675
s1_1000,S1-703195062
s1_1000,S1-910549892
s1_1000,S1-277955334
s1_1000,S1-510267170
s1_1000,S1-958682608
s1_1000,S1-485348225
s1_1000,S1-860341006
s1_1000,S1-44958416
s1_1000,S1-197625875
s1_1000,S1-933004961
s1_1000,S1-609612010
s1_1000,S1-24789070
s1_1000,S1-694967517
s1_1000,S1-919660109
s1_1000,S1-954562808
s1_1000,S1-28896124
s1_1000,S1-557319843
s1_1000,S1-516290105
s1_1000,S1-101840713
s1_1000,S1-807273946
s1_1000,S1-362815713
s1_1000,S1-118188739
s1_1000,S1-503223139
s1_1000,S1-64197487
s1_1000,S1-88249277
s1_1000,S1-225047892
s1_1000,S1-208289868
s1_1000,S1-378019168
s1_1000,S1-117416889
s1_1000,S1-1039410
s1_1000,S1-787831972
s1_1000,S1-574008304
s1_1000,S1-970581623
s1_1000,S1-951410198
s1_1000,S1-56436840
s1_1000,S1-919740289
s1_1000,S1-72039349
s1_1000,S1-131745165
s1_1000,S1-527220147
s1_1000,S1-810076304
s1_1000,S1-355916990
s1_1000,S1-603830615
s1_1000,S1-203874762
s1_1000,S1-834983529
s1_1000,S1-225919167
s1_1000,S1-272522928
s1_1000,S1-124849120
s1_1000,S1-230964033
s1_1000,S1-613113880
s1_1000,S1-396803331
s1_1000,S1-357644530
s1_1000,S1-212885975
s1_1000,S1-146611329
s1_1000,S1-362088672
s1_1000,S1-831406252
s1_1000,S1-603113105
s1_1000,S1-449694081
s1_1000,S1-134935361
s1_1000,S1-270589272
s1_1000,S1-896456699
s1_1000,S1-302337739
s1_1000,S1-391402138
s1_1000,S1-281598141
s1_1000,S1-132547250
s1_1000,S1-619795965
s1_1000,S1-649285755
s1_1000,S1-430030189
s1_1000,S1-908464095
s1_1000,S1-439426602
s1_1000,S1-632127045
s1_1000,S1-698552884
s1_1000,S1-774996232
s1_1000,S1-452456543
s1_1000,S1-585894096
s1_1000,S1-454927333
s1_1000,S1-724124543
s1_1000,S1-373841520
s1_1000,S1-478665448
s1_1000,S1-31916694
s1_1000,S1-178240398
s1_1000,S1-805720916
s1_1000,S1-785012599
s1_1000,S1-570330505
s1_1000,S1-580407687
s1_1000,S1-195964451
s1_1000,S1-863383578
s1_1000,S1-398966822
s1_1000,S1-47693061
s1_1000,S1-901993448
s1_1000,S1-360702411
s1_1000,S1-773565090
s1_1000,S1-585207831
s1_1000,S1-531136752
s1_1000,S1-442467030
s1_1000,S1-92482405
s1_1000,S1-199571794
s1_1000,S1-595727822
s1_1000,S1-364678319
s1_1000,S1-872214081
s1_1000,S1-377086058
s1_1000,S1-990461902
s1_1000,S1-967594427
s1_1000,S1-824991198
s1_1000,S1-623746049
s1_1000,S1-635266124
s1_1000,S1-12615942
s1_1000,S1-468418914
s1_1000,S1-717312031
s1_1000,S1-292535402
s1_1000,S1-959890049
s1_1000,S1-256737973
s1_1000,S1-159212707
s1_1000,S1-580580616
s1_1000,S1-386088143
s1_1000,S1-994360372
s1_1000,S1-417824853
s1_1000,S1-57586886
s1_1000,S1-417823242
s1_1000,S1-651379105
s1_1000,S1-575249679
s1_1000,S1-393317943
s1_1000,S1-584163881
s1_1000,S1-982163117
s1_1000,S1-839782760
s1_1000,S1-900544442
s1_1000,S1-877625799
s1_1000,S1-479499953
s1_1000,S1-240192562
s1_1000,S1-67984413
s1_1000,S1-929709760
s1_1000,S1-645580244
s1_1000,S1-379116236
s1_1000,S1-859902423
s1_1000,S1-625988141
s1_1000,S1-419938998
s1_1000,S1-772622400
s1_1000,S1-830083936
s1_1000,S1-439222980
s1_1000,S1-402531107
s1_1000,S1-100625394
s1_1000,S1-877581624
s1_1000,S1-403408940
s1_1000,S1-817995330
s1_1000,S1-76269912
s1_1000,S1-849465705
s1_1000,S1-995508551
s1_1000,S1-690122386
s1_1000,S1-143958303
s1_1000,S1-738848231
s1_1000,S1-157899985
s1_1000,S1-107809366
s1_1000,S1-256569351
s1_1000,S1-878489591
s1_1000,S1-369930027
s1_1000,S1-588917480
s1_1000,S1-915271485
s1_1000,S1-491663549
s1_1000,S1-837791612
s1_1000,S1-708875578
s1_1000,S1-932863304
s1_1000,S1-22592434
s1_1000,S1-753567061
s1_1000,S1-920312712
s1_1000,S1-588083504
s1_1000,S1-564696590
s1_1000,S1-526955963
s1_1000,S1-607228456
s1_1000,S1-294128890
s1_1000,S1-324330374
s1_1000,S1-876046208
s1_1000,S1-2775762
s1_1000,S1-912112234
s1_1000,S1-874610060
s1_1000,S1-525927764
s1_1000,S1-856303483
s1_1000,S1-325932018
s1_1000,S1-822391359
s1_1000,S1-774181170
s1_1000,S1-22215156
s1_1000,S1-615231492
s1_1000,S1-294036444
s1_1000,S1-850721810
s1_1000,S1-113429852
s1_1000,S1-804056563
s1_1000,S1-337477995
s1_1000,S1-923720466
s1_1000,S1-109291552
s1_1000,S1-832856617
s1_1000,S1-854476336
s1_1000,S1-934968490
s1_1000,S1-121693037
s1_1000,S1-542540887
s1_1000,S1-706889130
s1_1000,S1-587051623
s1_1000,S1-648916840
s1_1000,S1-216234074
s1_1000,S1-4179197
s1_1000,S1-874853634
s1_1000,S1-830938274
s1_1000,S1-669173899
s1_1000,S1-890514147
s1_1000,S1-977938386
s1_1000,S1-360570474
s1_1000,S1-979234942
s1_1000,S1-961832806
s1_1000,S1-74403263
s1_1000,S1-411939618
s1_1000,S1-452329998
s1_1000,S1-159760349
s1_1000,S1-378702310
s1_1000,S1-14088765
s1_1000,S1-245808112
s1_1000,S1-522925958
s1_1000,S1-409923771
s1_1000,S1-819898078
s1_1000,S1-725933863
s1_1000,S1-115173411
s1_1000,S1-324695988
s1_1000,S1-10393601
s1_1000,S1-296672331
s1_1000,S1-897779097
s1_1000,S1-277198482
s1_1000,S1-996291067
s1_1000,S1-108923390
s1_1000,S1-264329856
s1_1000,S1-387200680
s1_1000,S1-549608257
s1_1000,S1-761867539
s1_1000,S1-908747670
s1_1000,S1-770172704
s1_1000,S1-335715642
s1_1000,S1-369919932
s1_1000,S1-97828965
s1_1000,S1-967811540
s1_1000,S1-160353666
s1_1000,S1-32625238
s1_1000,S1-529683926
s1_1000,S1-783001297
s1_1000,S1-2577240
s1_1000,S1-309250937
s1_1000,S1-933907524
s1_1000,S1-874706415
s1_1000,S1-394191447
s1_1000,S1-983260741
s1_1000,S1-593018241
s1_1000,S1-783328051
s1_1000,S1-177322486
s1_1000,S1-327512522
s1_1000,S1-17973952
s1_1000,S1-176434763
s1_1000,S1-679399812
s1_1000,S1-300656903
s1_1000,S1-360481865
s1_1000,S1-866296885
s1_1000,S1-492142313
s1_1000,S1-32315181
s1_1000,S1-719837826
s1_1000,S1-674250113
s1_1000,S1-848273416
s1_1000,S1-190595971
s1_1000,S1-712360582
s1_1000,S1-866005166
s1_1000,S1-210882477
s1_1000,S1-372012424
s1_1000,S1-577087021
s1_1000,S1-852610124
s1_1000,S1-109175675
s1_1000,S1-867725816
s1_1000,S1-454337849
s1_1000,S1-211263556
s1_1000,S1-997499468
s1_1000,S1-429307554
s1_1000,S1-815423969
s1_1000,S1-762754948
s1_1000,S1-379677192
s1_1000,S1-948932140
s1_1000,S1-988952152
s1_1000,S1-470150331
s1_1000,S1-845086185
s1_1000,S1-946706052
s1_1000,S1-602193603
s1_1000,S1-393117390
s1_1000,S1-974810743
s1_1000,S1-485260947
s1_1000,S1-209242212
s1_1000,S1-444309469
s1_1000,S1-701717394
s1_1000,S1-432251644
s1_1000,S1-239207420
s1_1000,S1-707620084
s1_1000,S1-603393113
s1_1000,S1-360368359
s1_1000,S1-144309050
s1_1000,S1-71636676
s1_1000,S1-435158775
s1_1000,S1-636748811
s1_1000,S1-65309853
s1_1000,S1-426307047
s1_1000,S1-152709472
s1_1000,S1-114424830
s1_1000,S1-128260204
s1_1000,S1-756453021
s1_1000,S1-997414477
s1_1000,S1-587564473
s1_1000,S1-949663673
s1_1000,S1-886830433
s1_1000,S1-620072179
s1_1000,S1-937355747
s1_1000,S1-130224322
s1_1000,S1-417827381
s1_1000,S1-343417294
s1_1000,S1-394632774
s1_1000,S1-732592724
s1_1000,S1-580748190
s1_1000,S1-796458434
s1_1000,S1-765932516
s1_1000,S1-384400545
s1_1000,S1-444946012
s1_1000,S1-835384598
s1_1000,S1-172646617
s1_1000,S1-163359447
s1_1000,S1-707155052
s1_1000,S1-967576249
s1_1000,S1-383924373
s1_1000,S1-145192696
s1_1000,S1-120113863
s1_1000,S1-579296771
s1_1000,S1-76600144
s1_1000,S1-262956530
s1_1000,S1-289224987
s1_1000,S1-434671027
s1_1000,S1-874587325
s1_1000,S1-386790184
s1_1000,S1-309029909
s1_1000,S1-402701678
s1_1000,S1-820304545
s1_1000,S1-319446504
s1_1000,S1-602660812
s1_1000,S1-838816755
s1_1000,S1-635610218
s1_1000,S1-318608060
s1_1000,S1-68824362
s1_1000,S1-627898987
s1_1000,S1-873224394
s1_1000,S1-528038666
s1_1000,S1-993276054
s1_1000,S1-625355978
s1_1000,S1-411428383
s1_1000,S1-877756741
s1_1000,S1-264105075
s1_1000,S1-364343116
s1_1000,S1-708919835
s1_1000,S1-424278368
s1_1000,S1-350140550
s1_1000,S1-224156764
s1_1000,S1-991758781
s1_1000,S1-253152547
s1_1000,S1-349078782
s1_1000,S1-755451588
s1_1000,S1-253496965
s1_1000,S1-586543605
s1_1000,S1-309328944
s1_1000,S1-877771962
s1_1000,S1-881400809
s1_1000,S1-252959475
s1_1000,S1-106566816
s1_1000,S1-657748914
s1_1000,S1-452747502
s1_1000,S1-339021665
s1_1000,S1-927465777
s1_1000,S1-275292755
s1_1000,S1-870147511
s1_1000,S1-666016256
s1_1000,S1-310651038
s1_1000,S1-133609565
s1_1000,S1-538988615
s1_1000,S1-521533478
s1_1000,S1-979640757
s1_1000,S1-237040891
s1_1000,S1-285122739
s1_1000,S1-608905216
s1_1000,S1-251563500
s1_1000,S1-708368208
s1_1000,S1-728715860
s1_1000,S1-728437419
s1_1000,S1-94056942
s1_1000,S1-626087188
s1_1000,S1-982554289
s1_1000,S1-650945498
s1_1000,S1-223141947
s1_1000,S1-939186499
s1_1000,S1-717657945
s1_1000,S1-229514919
s1_1000,S1-175958937
s1_1000,S1-408524377
s1_1000,S1-556310487
s1_1000,S1-447515688
s1_1000,S1-469262072
s1_1000,S1-910511213
s1_1000,S1-568262604
s1_1000,S1-3965597
s1_1000,S1-712267907
s1_1000,S1-571269849
s1_1000,S1-53898759
s1_1000,S1-925577931
s1_1000,S1-607322610
s1_1000,S1-617480537
s1_1000,S1-617714375
s1_1000,S1-548687090
s1_1000,S1-703174498
s1_1000,S1-785764526
s1_1000,S1-376767576
s1_1000,S1-879036575
s1_1000,S1-137109332
s1_1000,S1-74161638
s1_1000,S1-812960792
s1_1000,S1-371328674
s1_1000,S1-30617375
s1_1000,S1-573726315
s1_1000,S1-354085195
s1_1000,S1-770102800
s1_1000,S1-459488906
s1_1000,S1-791044420
s1_1000,S1-557931744
s1_1000,S1-322467193
s1_1000,S1-866419638
s1_1000,S1-813797494
s1_1000,S1-955186399
s1_1000,S1-520103019
s1_1000,S1-258185803
s1_1000,S1-773472108
s1_1000,S1-790850301
s1_1000,S1-588443658
s1_1000,S1-480966375
s1_1000,S1-843890090
s1_1000,S1-61871677
s1_1000,S1-260598709
s1_1000,S1-845153701
s1_1000,S1-849079218
s1_1000,S1-182087716
s1_1000,S1-143018597
s1_1000,S1-497491595
s1_1000,S1-840845463
s1_1000,S1-514427791
s1_1000,S1-707712795
s1_1000,S1-566917738
s1_1000,S1-959142386
s1_1000,S1-635056779
s1_1000,S1-918291535
s1_1000,S1-232298053
s1_1000,S1-972777978
s1_1000,S1-939107867
s1_1000,S1-410986076
s1_1000,S1-586341558
s1_1000,S1-326725359
s1_1000,S1-353308813
s1_1000,S1-132364004
s1_1000,S1-198077365
s1_1000,S1-272648186
s1_1000,S1-20672382
s1_1000,S1-835228831
s1_1000,S1-851151897
s1_1000,S1-423722776
s1_1000,S1-542941807
s1_1000,S1-77568999
s1_1000,S1-281915633
s1_1000,S1-431297138
s1_1000,S1-612842808
s1_1000,S1-520412269
s1_1000,S1-787210794
s1_1000,S1-124462211
s1_1000,S1-51865922
s1_1000,S1-350834708
s1_1000,S1-923292062
s1_1000,S1-990218012
s1_1000,S1-423224877
s1_1000,S1-878547730
s1_1000,S1-807591789
s1_1000,S1-944458772
s1_1000,S1-163959939
s1_1000,S1-853088463
s1_1000,S1-419879346
s1_1000,S1-614934580
s1_1000,S1-151748140
s1_1000,S1-150168984
s1_1000,S1-905791445
s1_1000,S1-945761456
s1_1000,S1-321236077
s1_1000,S1-174693204
s1_1000,S1-320198412
s1_1000,S1-936476958
s1_1000,S1-238039681
s1_1000,S1-977335915
s1_1000,S1-619845474
s1_1000,S1-261965094
s1_1000,S1-693690841
s1_1000,S1-717391267
s1_1000,S1-783653290
s1_1000,S1-953535957
s1_1000,S1-959204160
s1_1000,S1-511725706
s1_1000,S1-104251787
s1_1000,S1-961200002
s1_1000,S1-18267845
s1_1000,S1-104565081
s1_1000,S1-820439105
s1_1000,S1-957128444
s1_1000,S1-556228489
s1_1000,S1-459637274
s1_1000,S1-359255885
s1_1000,S1-154667224
s1_1000,S1-261527017
s1_1000,S1-96504376
s1_1000,S1-876664844
s1_1000,S1-563178896
s1_1000,S1-797058141
s1_1000,S1-339006820
s1_1000,S1-869737087
s1_1000,S1-435186502
s1_1000,S1-441272693
s1_1000,S1-30764726
s1_1000,S1-790599481
s1_1000,S1-487168388
s1_1000,S1-975764386
s1_1000,S1-264595908
s1_1000,S1-297094958
s1_1000,S1-100276475
s1_1000,S1-439825849
s1_1000,S1-8781400
s1_1000,S1-796931678
s1_1000,S1-13128280
s1_1000,S1-1186347
s1_1000,S1-108034941
s1_1000,S1-116182582
s1_1000,S1-442885636
s1_1000,S1-102330347
s1_1000,S1-311565031
s1_1000,S1-789958686
s1_1000,S1-699248674
s1_1000,S1-144816753
s1_1000,S1-272137225
s1_1000,S1-522017122
s1_1000,S1-100167734
s1_1000,S1-479725005
s1_1000,S1-743531791
s1_1000,S1-652207412
s1_1000,S1-185985394
s1_1000,S1-937018924
s1_1000,S1-945498259
s1_1000,S1-631614917
s1_1000,S1-961548696
s1_1000,S1-341514955
s1_1000,S1-383744417
s1_1000,S1-499340462
s1_1000,S1-846958059
s1_1000,S1-351883628
s1_1000,S1-518262604
s1_1000,S1-356624931
s1_1000,S1-480729531
s1_1000,S1-26256799
s1_1000,S1-614260199
s1_1000,S1-942376087
s1_1000,S1-369680649
s1_1000,S1-214898305
s1_1000,S1-991843051
s1_1000,S1-494187676
s1_1000,S1-380932102
s1_1000,S1-37805904
s1_1000,S1-482910661
s1_1000,S1-761935587
s1_1000,S1-862207745
s1_1000,S1-41147272
s1_1000,S1-291933980
s1_1000,S1-465564443
s1_1000,S1-716529185
s1_1000,S1-252815076
s1_1000,S1-741530614
s1_1000,S1-264006576
s1_1000,S1-703314149
s1_1000,S1-889530437
s1_1000,S1-950047153
s1_1000,S1-718541486
s1_1000,S1-19172434
s1_1000,S1-531268470
s1_1000,S1-56369002
s1_1000,S1-851172257
s1_1000,S1-839695817
s1_1000,S1-117184918
s1_1000,S1-103120265
s1_1000,S1-869535932
s1_1000,S1-887169774
s1_1000,S1-492543909
s1_1000,S1-94599318
s1_1000,S1-677598357
s1_1000,S1-730719207
s1_1000,S1-369861184
s1_1000,S1-295668361
s1_1000,S1-858735224
s1_1000,S1-563073325
s1_1000,S1-816383534
s1_1000,S1-79146097
s1_1000,S1-241799543
s1_1000,S1-814666931
s1_1000,S1-434049818
s1_1000,S1-879372595
s1_1000,S1-248163870
s1_1000,S1-974558168
s1_1000,S1-152580274
s1_1000,S1-182285498
s1_1000,S1-636219545
s1_1000,S1-879828483
s1_1000,S1-595976104
s1_1000,S1-480646551
s1_1000,S1-688071877
s1_1000,S1-970146850
s1_1000,S1-610757866
s1_1000,S1-998147399
s1_1000,S1-672064749
s1_1000,S1-300594042
s1_1000,S1-966899178
s1_1000,S1-859410589
s1_1000,S1-221830085
s1_1000,S1-759154765
s1_1000,S1-279768516
s1_1000,S1-277795564
s1_1000,S1-435179175
s1_1000,S1-359821177
s1_1000,S1-155407235
s1_1000,S1-363640638
s1_1000,S1-630988943
s1_1000,S1-492798500
s1_1000,S1-750902604
s1_1000,S1-832262633
s1_1000,S1-494365737
s1_1000,S1-317536058
s1_1000,S1-862899562
s1_1000,S1-813952512
s1_1000,S1-263815160
s1_1000,S1-505316099
s1_1000,S1-442590532
s1_1000,S1-520578486
s1_1000,S1-373716962
s1_1000,S1-221049359
s1_1000,S1-595529200
s1_1000,S1-448814176
s1_1000,S1-382839290
s1_1000,S1-437861953
s1_1000,S1-801385283
s1_1000,S1-62792559
s1_1000,S1-429973350
s1_1000,S1-959711921
s1_1000,S1-645636967
s1_1000,S1-772318966
s1_1000,S1-805666871
s1_1000,S1-89525072
s1_1000,S1-334690933
s1_1000,S1-306911649
s1_1000,S1-189778694
s1_1000,S1-264521464
s1_1000,S1-109274691
s1_1000,S1-241052906
s1_1000,S1-20912265
s1_1000,S1-457236191
s1_1000,S1-601233921
s1_1000,S1-652724045
s1_1000,S1-752926413
s1_1000,S1-632381890
s1_1000,S1-568024600
s1_1000,S1-101003484
s1_1000,S1-43499921
s1_1000,S1-110256609
s1_1000,S1-487458224
s1_1000,S1-929842045
s1_1000,S1-281720430
s1_1000,S1-721565573
s1_1000,S1-388793139
s1_1000,S1-332323893
s1_1000,S1-841238498
s1_1000,S1-604791387
s1_1000,S1-276163334
s1_1000,S1-619648344
s1_1000,S1-267645994
s1_1000,S1-280004217
s1_1000,S1-183479376
s1_1000,S1-651332839
s1_1000,S1-325262585
s1_1000,S1-248093324
s1_1000,S1-714434823
s1_1000,S1-319895908
s1_1000,S1-130312518
s1_1000,S1-337403716
s1_1000,S1-927196959
s1_1000,S1-634802275
s1_1000,S1-610551902
s1_1000,S1-763925165
s1_1000,S1-809191477
s1_1000,S1-589408855
s1_1000,S1-206753882
s1_1000,S1-878306771
s1_1000,S1-328097241
s1_1000,S1-829671154
s1_1000,S1-631246874
s1_1000,S1-544759562
s1_1000,S1-930744842
s1_1000,S1-108161581
s1_1000,S1-130260765
s1_1000,S1-322705792
s1_1000,S1-300047799
s1_1000,S1-237606626
s1_1000,S1-431860747
s1_1000,S1-552437382
s1_1000,S1-603435619
s1_1000,S1-685335289
s1_1000,S1-155779800
s1_1000,S1-501849627
s1_1000,S1-262004414
s1_1000,S1-745903635
s1_1000,S1-656765074
s1_1000,S1-904386702
s1_1000,S1-337125619
s1_1000,S1-514177496
s1_1000,S1-395601309
s1_1000,S1-577698852
s1_1000,S1-874201682
s1_1000,S1-126570986
s1_1000,S1-671207789
s1_1000,S1-708363043
s1_1000,S1-614088401
s1_1000,S1-569680730
s1_1000,S1-767358074
s1_1000,S1-322487719
s1_1000,S1-984079639
s1_1000,S1-594866255
s1_1000,S1-30108386
