sample,dimension,group,entity_count,true_link_count,retained_true_link_count,positive_link_recall,matched_all_true_links_retained_rate,average_candidates,median_candidates,p95_candidates,p99_candidates,max_candidates,zero_candidate_entities,query_seconds,peak_rss_mb,average_query_seconds_per_s1,projected_1732544_s1_query_hours,recall_before_cap,source_query_count,intersection_scheduler,average_intersection_probes_per_source_query,p95_intersection_probes_per_source_query,intersection_sql_seconds,intersection_total_seconds,cap_hit_rate_per_source_query,cap_truncated_rate_per_source_query,average_exact_candidates_per_s1,average_token_candidates_per_s1,average_token_only_candidates_per_s1,average_selected_exact_candidates_per_s1,average_candidates_before_cap_per_s1,average_postings_looked_up_per_s1,average_posting_ids_returned_per_s1,average_intersection_queries_per_s1,average_intersection_overflows_per_s1,average_exact_overflow_passes_per_s1,average_intersection_pairs_considered_per_s1,average_intersection_pairs_skipped_rules_per_s1,average_intersection_pairs_skipped_anchor_per_s1,average_intersection_pairs_skipped_selectivity_per_s1,average_intersection_pairs_skipped_term_quota_per_s1,average_intersection_nonempty_successes_per_s1,average_intersection_unique_candidate_ids_per_s1
s1_1000,overall,ALL,1000,3554,3320,0.9341586944288126,0.817047817047817,119.83,120.0,120.0,120.0,120,0,150.45178771600206,251.61328125,0.15045178771600207,72.40676169350918,0.9735509285312324,2000,selective_v1,20.7995,24.0,61.03046852801276,63.562295050999865,0.9915,0.9915,11.733,1820.529,1815.54,9.179,1827.273,88.157,2197.86,41.599,6.548,0.0,99.57,28.949,8.719,20.23,5.211,32.023,591.345
s1_1000,country,India,413,1496,1373,0.9177807486631016,0.79,119.80871670702179,120.0,120.0,120.0,120,0,71.18311157000107,251.61328125,0.17235620234867088,82.94852895610435,0.9545454545454546,826,selective_v1,22.447941888619855,24.0,29.36599735500147,30.853820869999595,0.9903147699757869,0.9903147699757869,5.784503631961259,1866.5278450363196,1862.314769975787,5.767554479418886,1868.0992736077483,94.90314769975787,2310.8523002421307,44.89588377723971,9.51089588377724,0.0,159.16707021791768,55.922518159806295,18.050847457627118,37.87167070217917,7.973365617433414,33.351089588377725,728.680387409201
s1_1000,country,US,587,2058,1947,0.9460641399416909,0.8362989323843416,119.8449744463373,120.0,120.0,120.0,120,0,79.26867614600098,251.61328125,0.1350403341499165,64.98981130262025,0.9873663751214772,1174,selective_v1,19.6396933560477,24.0,31.664471173011293,32.70847418100027,0.9923339011925043,0.9923339011925043,15.918228279386712,1788.1652470187394,1782.6303236797273,11.579216354344123,1798.548551959114,83.41056218057922,2118.3611584327086,39.2793867120954,4.4633730834752985,0.0,57.63884156729131,9.971039182282794,2.1533219761499147,7.817717206132879,3.2674616695059626,31.088586030664395,494.7189097103918
s1_1000,source,S2,1000,1722,1625,0.9436701509872242,0.903954802259887,59.887,60.0,60.0,60.0,60,0,72.37062079999964,251.61328125,0.07237062079999965,34.829245789809605,0.9738675958188153,1000,selective_v1,20.837,24.0,28.41601490200037,29.688785336998762,0.989,0.989,5.573,903.101,900.653,4.369,906.226,44.218,1092.547,20.837,3.313,0.0,49.84,14.517,5.044,9.473,2.907,15.733,275.009
s1_1000,source_country,S2|India,413,721,667,0.9251040221914009,0.8702702702702703,59.81598062953995,60.0,60.0,60.0,60,0,33.49029113100062,251.61328125,0.08109029329540102,39.02569475199646,0.955617198335645,413,selective_v1,22.278450363196125,24.0,13.338792949995764,14.062540560999082,0.9830508474576272,0.9830508474576272,2.2953995157384988,893.8716707021791,892.1767554479419,2.2953995157384988,894.4721549636804,47.08958837772397,1126.8886198547216,22.278450363196125,5.058111380145278,0.0,79.7409200968523,28.774818401937047,10.956416464891042,17.818401937046005,4.745762711864407,16.358353510895885,325.10653753026634
s1_1000,source_country,S2|US,587,1001,958,0.957042957042957,0.9281553398058252,59.936967632027255,60.0,60.0,60.0,60,0,38.880329668999025,251.61328125,0.0662356553134566,31.87671866649926,0.987012987012987,587,selective_v1,19.82282793867121,24.0,15.077221952004606,15.62624477599968,0.9931856899488927,0.9931856899488927,7.879045996592845,909.5945485519591,906.6166950596252,5.82793867120954,914.4957410562181,42.19761499148211,1068.3850085178876,19.82282793867121,2.0851788756388414,0.0,28.802385008517888,4.485519591141397,0.8841567291311755,3.6013628620102214,1.6132879045996593,15.293015332197616,239.76149914821124
s1_1000,source,S3,1000,1832,1695,0.9252183406113537,0.87248322147651,59.943,60.0,60.0,60.0,60,0,78.08116691600242,251.61328125,0.07808116691600242,37.57751590369958,0.9732532751091703,1000,selective_v1,20.762,24.0,32.61445362601239,33.8735097140011,0.994,0.994,6.16,917.428,914.887,4.81,921.047,43.939,1105.313,20.762,3.235,0.0,49.73,14.432,3.675,10.757,2.304,16.29,316.336
s1_1000,source_country,S3|India,413,775,706,0.9109677419354839,0.8552278820375335,59.99273607748184,60.0,60.0,60.0,60,0,37.69282043900046,251.61328125,0.09126590905326987,43.92283420410788,0.9535483870967741,413,selective_v1,22.61743341404358,24.0,16.027204405005705,16.791280309000513,0.9975786924939467,0.9975786924939467,3.4891041162227605,972.6561743341405,970.138014527845,3.4721549636803872,973.6271186440678,47.813559322033896,1183.963680387409,22.61743341404358,4.452784503631961,0.0,79.42615012106538,27.14769975786925,7.094430992736077,20.053268765133172,3.2276029055690074,16.99273607748184,403.57384987893465
s1_1000,source_country,S3|US,587,1057,989,0.935666982024598,0.8848368522072937,59.90800681431005,60.0,60.0,60.0,60,0,40.38834647700196,251.61328125,0.0688046788364599,33.113092636120996,0.9877010406811731,587,selective_v1,19.45655877342419,24.0,16.587249221006687,17.08222940500059,0.9914821124361158,0.9914821124361158,8.039182282793867,878.5706984667802,876.0136286201022,5.751277683134583,884.0528109028961,41.2129471890971,1049.9761499148212,19.45655877342419,2.3781942078364566,0.0,28.836456558773424,5.485519591141397,1.2691652470187393,4.216354344122657,1.6541737649063033,15.795570698466781,254.95741056218057
