dimension,group,true_links,mode,source_cap,retained_links,final_recall,additional_true_links_vs_current,matched_all_links_rate,s1_entities,average_candidates,median_candidates,p95_candidates,p99_candidates,max_candidates,zero_candidate_entities
overall,ALL,17207,total_only,40,15641,0.908990527111,0,0.757511637749,5000,63.8378,80,80,80,80,0
overall,ALL,17207,total_only,50,15873,0.922473411983,232,0.78903935675,5000,73.1598,84,100,100,100,0
overall,ALL,17207,total_only,60,15935,0.926076596734,294,0.79813796022,5000,79.6254,85,120,120,120,0
overall,ALL,17207,total_only,80,15969,0.928052536758,328,0.803216250529,5000,87.4576,86,160,160,160,0
overall,ALL,17207,total_only,100,15994,0.929505433835,353,0.80723656369,5000,90.1448,86,183,200,200,0
overall,ALL,17207,total_only,120,15999,0.92979601325,358,0.807659754549,5000,90.9922,86,184,229.01,240,0
overall,ALL,17207,widen_pass_limits,40,15641,0.908990527111,0,0.757511637749,5000,63.8378,80,80,80,80,0
overall,ALL,17207,widen_pass_limits,50,15695,0.912128784797,54,0.764494286923,5000,75.0014,93,100,100,100,0
overall,ALL,17207,widen_pass_limits,60,15732,0.914279072471,91,0.769149386373,5000,84.742,97,120,120,120,0
overall,ALL,17207,widen_pass_limits,80,15800,0.918230952519,159,0.779305966991,5000,100.9014,103,160,160,160,0
overall,ALL,17207,widen_pass_limits,100,15844,0.920788051374,203,0.785442234448,5000,113.8604,108,200,200,200,0
overall,ALL,17207,widen_pass_limits,120,15894,0.923693845528,253,0.792424883623,5000,124.4068,109,240,240,240,0
country,India,6970,total_only,40,6244,0.895839311334,0,0.736623376623,2030,59.1768472906,69,80,80,80,0
country,India,6970,total_only,50,6258,0.897847919656,14,0.73974025974,2030,66.1039408867,72,100,100,100,0
country,India,6970,total_only,60,6261,0.898278335725,17,0.740779220779,2030,70.1753694581,73,120,120,120,0
country,India,6970,total_only,80,6264,0.898708751793,20,0.741818181818,2030,74.3349753695,74,152,160,160,0
country,India,6970,total_only,100,6264,0.898708751793,20,0.741818181818,2030,75.6344827586,74,157,191.42,200,0
country,India,6970,total_only,120,6264,0.898708751793,20,0.741818181818,2030,75.9133004926,74,158,197,236,0
country,India,6970,widen_pass_limits,40,6244,0.895839311334,0,0.736623376623,2030,59.1768472906,69,80,80,80,0
country,India,6970,widen_pass_limits,50,6247,0.896269727403,3,0.737662337662,2030,67.9438423645,73,100,100,100,0
country,India,6970,widen_pass_limits,60,6256,0.89756097561,12,0.739220779221,2030,74.9896551724,75,120,120,120,0
country,India,6970,widen_pass_limits,80,6264,0.898708751793,20,0.741818181818,2030,85.5876847291,79,160,160,160,0
country,India,6970,widen_pass_limits,100,6264,0.898708751793,20,0.741818181818,2030,93.19408867,79,200,200,200,0
country,India,6970,widen_pass_limits,120,6266,0.898995695839,22,0.742857142857,2030,98.984729064,79,240,240,240,0
country,US,10237,total_only,40,9397,0.917944710364,0,0.771867190289,2970,67.0235690236,80,80,80,80,0
country,US,10237,total_only,50,9615,0.939240011722,218,0.822920385577,2970,77.9824915825,91,100,100,100,0
country,US,10237,total_only,60,9674,0.94500341897,277,0.837558014995,2970,86.0845117845,94,120,120,120,0
country,US,10237,total_only,80,9705,0.948031649897,308,0.845412352731,2970,96.4269360269,96,160,160,160,0
country,US,10237,total_only,100,9730,0.950473771613,333,0.852195644413,2970,100.062626263,96,193,200,200,0
country,US,10237,total_only,120,9735,0.950962195956,338,0.852909675116,2970,101.298653199,96,197.55,238.31,240,0
country,US,10237,widen_pass_limits,40,9397,0.917944710364,0,0.771867190289,2970,67.0235690236,80,80,80,80,0
country,US,10237,widen_pass_limits,50,9448,0.922926638664,51,0.782934666191,2970,79.8252525253,100,100,100,100,0
country,US,10237,widen_pass_limits,60,9476,0.925661814985,79,0.789717957872,2970,91.4077441077,118,120,120,120,0
country,US,10237,widen_pass_limits,80,9536,0.931522907102,139,0.805069617994,2970,111.368350168,128.5,160,160,160,0
country,US,10237,widen_pass_limits,100,9580,0.935821041321,183,0.815423063192,2970,127.985858586,133,200,200,200,0
country,US,10237,widen_pass_limits,120,9628,0.940509915014,231,0.826490539093,2970,141.782828283,139,240,240,240,0
source,S2,8316,total_only,40,7611,0.915223665224,0,0.858728323699,5000,31.7158,40,40,40,40,6
source,S2,8316,total_only,50,7686,0.924242424242,75,0.874219653179,5000,36.3038,43,50,50,50,6
source,S2,8316,total_only,60,7707,0.926767676768,96,0.87838150289,5000,39.4758,43,60,60,60,6
source,S2,8316,total_only,80,7721,0.928451178451,110,0.881387283237,5000,43.3804,43,80,80,80,6
source,S2,8316,total_only,100,7732,0.929773929774,121,0.883699421965,5000,44.7356,43,95,100,100,6
source,S2,8316,total_only,120,7734,0.930014430014,123,0.883930635838,5000,45.1474,43,95,118,120,6
source,S2,8316,widen_pass_limits,40,7611,0.915223665224,0,0.858728323699,5000,31.7158,40,40,40,40,6
source,S2,8316,widen_pass_limits,50,7629,0.917388167388,18,0.862658959538,5000,37.2522,50,50,50,50,6
source,S2,8316,widen_pass_limits,60,7644,0.919191919192,33,0.865433526012,5000,42.074,52,60,60,60,6
source,S2,8316,widen_pass_limits,80,7669,0.922198172198,58,0.870520231214,5000,50.1214,52,80,80,80,6
source,S2,8316,widen_pass_limits,100,7681,0.923641173641,70,0.872601156069,5000,56.6326,52,100,100,100,6
source,S2,8316,widen_pass_limits,120,7694,0.925204425204,83,0.875375722543,5000,62.0232,52,120,120,120,6
source_country,S2|India,3361,total_only,40,3066,0.912228503422,0,0.851112378779,2030,29.6270935961,39,40,40,40,1
source_country,S2|India,3361,total_only,50,3072,0.914013686403,6,0.853394181403,2030,33.0655172414,39,50,50,50,1
source_country,S2|India,3361,total_only,60,3073,0.9143112169,7,0.853964632059,2030,35.1261083744,39,60,60,60,1
source_country,S2|India,3361,total_only,80,3074,0.914608747397,8,0.854535082715,2030,37.4177339901,39,80,80,80,1
source_country,S2|India,3361,total_only,100,3074,0.914608747397,8,0.854535082715,2030,38.218226601,39,85,100,100,1
source_country,S2|India,3361,total_only,120,3074,0.914608747397,8,0.854535082715,2030,38.4083743842,39,85,110,120,1
source_country,S2|India,3361,widen_pass_limits,40,3066,0.912228503422,0,0.851112378779,2030,29.6270935961,39,40,40,40,1
source_country,S2|India,3361,widen_pass_limits,50,3067,0.912526033918,1,0.851682829435,2030,34.0428571429,39,50,50,50,1
source_country,S2|India,3361,widen_pass_limits,60,3070,0.913418625409,4,0.852253280091,2030,37.6064039409,39,60,60,60,1
source_country,S2|India,3361,widen_pass_limits,80,3076,0.91520380839,10,0.855105533371,2030,43.1049261084,39,80,80,80,1
source_country,S2|India,3361,widen_pass_limits,100,3076,0.91520380839,10,0.855105533371,2030,47.1822660099,39,100,100,100,1
source_country,S2|India,3361,widen_pass_limits,120,3076,0.91520380839,10,0.855105533371,2030,50.3665024631,39,120,120,120,1
source_country,S2|US,4955,total_only,40,4545,0.917255297679,0,0.863919129082,2970,33.1434343434,40,40,40,40,5
source_country,S2|US,4955,total_only,50,4614,0.931180625631,69,0.888413685848,2970,38.5171717172,47,50,50,50,5
source_country,S2|US,4955,total_only,60,4634,0.935216952573,89,0.895023328149,2970,42.4488215488,47,60,60,60,5
source_country,S2|US,4955,total_only,80,4647,0.937840565086,102,0.899688958009,2970,47.4558922559,47,80,80,80,5
source_country,S2|US,4955,total_only,100,4658,0.940060544904,113,0.903576982893,2970,49.1902356902,47,99,100,100,5
source_country,S2|US,4955,total_only,120,4660,0.940464177598,115,0.903965785381,2970,49.7535353535,47,99,120,120,5
source_country,S2|US,4955,widen_pass_limits,40,4545,0.917255297679,0,0.863919129082,2970,33.1434343434,40,40,40,40,5
source_country,S2|US,4955,widen_pass_limits,50,4562,0.92068617558,17,0.870139968896,2970,39.4457912458,50,50,50,50,5
source_country,S2|US,4955,widen_pass_limits,60,4574,0.923107971746,29,0.874416796267,2970,45.1276094276,60,60,60,60,5
source_country,S2|US,4955,widen_pass_limits,80,4593,0.926942482341,48,0.881026438569,2970,54.9171717172,67,80,80,80,5
source_country,S2|US,4955,widen_pass_limits,100,4605,0.929364278507,60,0.884525660964,2970,63.0919191919,67,100,100,100,5
source_country,S2|US,4955,widen_pass_limits,120,4618,0.931987891019,73,0.889191290824,2970,69.9905723906,67,120,120,120,5
source,S3,8891,total_only,40,8030,0.903160499381,0,0.840784671533,5000,32.122,40,40,40,40,5
source,S3,8891,total_only,50,8187,0.920818805534,157,0.867244525547,5000,36.856,43,50,50,50,5
source,S3,8891,total_only,60,8228,0.925430210325,198,0.874087591241,5000,40.1496,43,60,60,60,5
source,S3,8891,total_only,80,8248,0.927679676077,218,0.877281021898,5000,44.0772,43,80,80,80,5
source,S3,8891,total_only,100,8262,0.929254302103,232,0.879790145985,5000,45.4092,43,95,100,100,5
source,S3,8891,total_only,120,8265,0.929591721966,235,0.880246350365,5000,45.8448,43,95,120,120,5
source,S3,8891,widen_pass_limits,40,8030,0.903160499381,0,0.840784671533,5000,32.122,40,40,40,40,5
source,S3,8891,widen_pass_limits,50,8066,0.907209537735,36,0.847399635036,5000,37.7492,50,50,50,50,5
source,S3,8891,widen_pass_limits,60,8088,0.909683950062,58,0.851049270073,5000,42.668,54,60,60,60,5
source,S3,8891,widen_pass_limits,80,8131,0.914520301428,101,0.858348540146,5000,50.78,54,80,80,80,5
source,S3,8891,widen_pass_limits,100,8163,0.918119446631,133,0.864051094891,5000,57.2278,54,100,100,100,5
source,S3,8891,widen_pass_limits,120,8200,0.922280958272,170,0.870666058394,5000,62.3836,54,120,120,120,5
source_country,S3|India,3609,total_only,40,3178,0.880576336935,0,0.810856183548,2030,29.5497536946,38,40,40,40,3
source_country,S3|India,3609,total_only,50,3186,0.882793017456,8,0.814213766088,2030,33.0384236453,38,50,50,50,3
source_country,S3|India,3609,total_only,60,3188,0.883347187587,10,0.815332960269,2030,35.0492610837,38,60,60,60,3
source_country,S3|India,3609,total_only,80,3190,0.883901357717,12,0.816452154449,2030,36.9172413793,38,79,80,80,3
source_country,S3|India,3609,total_only,100,3190,0.883901357717,12,0.816452154449,2030,37.4162561576,38,79,100,100,3
source_country,S3|India,3609,total_only,120,3190,0.883901357717,12,0.816452154449,2030,37.5049261084,38,79,102,120,3
source_country,S3|India,3609,widen_pass_limits,40,3178,0.880576336935,0,0.810856183548,2030,29.5497536946,38,40,40,40,3
source_country,S3|India,3609,widen_pass_limits,50,3180,0.881130507066,2,0.811975377728,2030,33.9009852217,38,50,50,50,3
source_country,S3|India,3609,widen_pass_limits,60,3186,0.882793017456,8,0.814773363179,2030,37.3832512315,38,60,60,60,3
source_country,S3|India,3609,widen_pass_limits,80,3188,0.883347187587,10,0.815892557359,2030,42.4827586207,38,80,80,80,3
source_country,S3|India,3609,widen_pass_limits,100,3188,0.883347187587,10,0.815892557359,2030,46.0118226601,38,100,100,100,3
source_country,S3|India,3609,widen_pass_limits,120,3190,0.883901357717,12,0.817011751539,2030,48.618226601,38,120,120,120,3
source_country,S3|US,5282,total_only,40,4852,0.918591442635,0,0.86137851367,2970,33.8801346801,40,40,40,40,2
source_country,S3|US,5282,total_only,50,5001,0.946800454373,149,0.903735078937,2970,39.4653198653,49,50,50,50,2
source_country,S3|US,5282,total_only,60,5040,0.954184021204,188,0.914516750096,2970,43.6356902357,49,60,60,60,2
source_country,S3|US,5282,total_only,80,5058,0.95759182128,206,0.919137466307,2970,48.971043771,49,80,80,80,2
source_country,S3|US,5282,total_only,100,5072,0.96024233245,220,0.923373122834,2970,50.8723905724,49,100,100,100,2
source_country,S3|US,5282,total_only,120,5075,0.960810299129,223,0.924143242203,2970,51.5451178451,49,101.55,120,120,2
source_country,S3|US,5282,widen_pass_limits,40,4852,0.918591442635,0,0.86137851367,2970,33.8801346801,40,40,40,40,2
source_country,S3|US,5282,widen_pass_limits,50,4886,0.925028398334,34,0.871775125144,2970,40.3794612795,50,50,50,50,2
source_country,S3|US,5282,widen_pass_limits,60,4902,0.928057553957,50,0.876010781671,2970,46.2801346801,60,60,60,60,2
source_country,S3|US,5282,widen_pass_limits,80,4943,0.93581976524,91,0.887562572199,2970,56.4511784512,71,80,80,80,2
source_country,S3|US,5282,widen_pass_limits,100,4975,0.941878076486,123,0.897189064305,2970,64.8939393939,71,100,100,100,2
source_country,S3|US,5282,widen_pass_limits,120,5010,0.948504354411,158,0.90758567578,2970,71.7922558923,71,120,120,120,2
