dimension,group,true_links,discovery_misses,cap_ranking_misses,retained_links,pre_cap_recall,final_recall,matched_entities,matched_all_links_retained_rate,average_current_candidates_per_s1,intersection_term_omitted,intersection_anchor_df_exceeded,intersection_pair_budget_exceeded,intersection_intersection_overflow,intersection_no_usable_combination,intersection_other_unresolved,rare_term_limit_blocked,current_rare_rule_unresolved
overall,ALL,17207,1184,382,15641,0.931190794444,0.908990527111,4726,0.757511637749,63.8378,706,525,609,8,81,0,0,0
country,India,6970,702,24,6244,0.899282639885,0.895839311334,1925,0.736623376623,59.1768472906,596,277,296,5,26,0,0,0
country,US,10237,482,358,9397,0.952915893328,0.917944710364,2801,0.771867190289,67.0235690236,110,248,313,3,55,0,0,0
source,S2,8316,573,132,7611,0.931096681097,0.915223665224,4325,0.858728323699,31.7158,328,253,320,2,38,0,0,0
source_country,S2|India,3361,285,10,3066,0.91520380839,0.912228503422,1753,0.851112378779,29.6270935961,238,104,121,2,11,0,0,0
source_country,S2|US,4955,288,122,4545,0.941876892028,0.917255297679,2572,0.863919129082,33.1434343434,90,149,199,0,27,0,0,0
source,S3,8891,611,250,8030,0.93127882128,0.903160499381,4384,0.840784671533,32.122,378,272,289,6,43,0,0,0
source_country,S3|India,3609,417,14,3178,0.884455527847,0.880576336935,1787,0.810856183548,29.5497536946,358,173,175,3,15,0,0,0
source_country,S3|US,5282,194,236,4852,0.963271488073,0.918591442635,2597,0.86137851367,33.8801346801,20,99,114,3,28,0,0,0
