dimension,group,true_links,field,max_df,discovery_misses,df_eligible_misses,recoverable_with_current_term_limit,theoretical_pre_cap_recall,theoretical_gain_pp
overall,ALL,17207,name,60,1184,0,0,0.931190794444,0
overall,ALL,17207,name,120,1184,56,56,0.934445283896,0.325448945197
overall,ALL,17207,name,250,1184,93,93,0.93659557157,0.540477712559
overall,ALL,17207,name,500,1184,128,128,0.938629627477,0.743883303307
overall,ALL,17207,name,1000,1184,209,209,0.943337014006,1.21462195618
overall,ALL,17207,address,40,1184,0,0,0.931190794444,0
overall,ALL,17207,address,80,1184,15,15,0.93206253269,0.0871738246063
overall,ALL,17207,address,160,1184,35,35,0.933224850352,0.203405590748
overall,ALL,17207,address,320,1184,78,78,0.935723833324,0.453303887953
overall,ALL,17207,address,640,1184,182,179,0.941593537514,1.04027430697
overall,ALL,17207,numeric,250,1184,0,0,0.931190794444,0
overall,ALL,17207,numeric,500,1184,37,37,0.933341082118,0.215028767362
overall,ALL,17207,numeric,1000,1184,86,86,0.936188760388,0.499796594409
overall,ALL,17207,numeric,2500,1184,166,166,0.940838031034,0.964723658976
overall,ALL,17207,numeric,5000,1184,241,241,0.945196722264,1.40059278201
country,India,6970,name,60,702,0,0,0.899282639885,0
country,India,6970,name,120,702,31,31,0.903730272597,0.444763271162
country,India,6970,name,250,702,56,56,0.907317073171,0.803443328551
country,India,6970,name,500,702,81,81,0.910903873745,1.16212338594
country,India,6970,name,1000,702,102,102,0.913916786227,1.46341463415
country,India,6970,address,40,702,0,0,0.899282639885,0
country,India,6970,address,80,702,12,12,0.901004304161,0.172166427547
country,India,6970,address,160,702,21,21,0.902295552367,0.301291248207
country,India,6970,address,320,702,46,46,0.905882352941,0.659971305595
country,India,6970,address,640,702,103,100,0.913629842181,1.43472022956
country,India,6970,numeric,250,702,0,0,0.899282639885,0
country,India,6970,numeric,500,702,20,20,0.902152080344,0.286944045911
country,India,6970,numeric,1000,702,51,51,0.906599713056,0.731707317073
country,India,6970,numeric,2500,702,104,104,0.914203730273,1.49210903874
country,India,6970,numeric,5000,702,154,154,0.92137733142,2.20946915352
country,US,10237,name,60,482,0,0,0.952915893328,0
country,US,10237,name,120,482,25,25,0.955358015043,0.244212171535
country,US,10237,name,250,482,37,37,0.956530233467,0.361434013871
country,US,10237,name,500,482,47,47,0.957507082153,0.459118882485
country,US,10237,name,1000,482,107,107,0.96336817427,1.04522809417
country,US,10237,address,40,482,0,0,0.952915893328,0
country,US,10237,address,80,482,3,3,0.953208947934,0.0293054605842
country,US,10237,address,160,482,14,14,0.954283481489,0.136758816059
country,US,10237,address,320,482,32,32,0.956041809124,0.312591579564
country,US,10237,address,640,482,79,79,0.960632997949,0.771710462049
country,US,10237,numeric,250,482,0,0,0.952915893328,0
country,US,10237,numeric,500,482,17,17,0.954576536095,0.166064276644
country,US,10237,numeric,1000,482,35,35,0.95633486373,0.341897040148
country,US,10237,numeric,2500,482,62,62,0.958972355182,0.605646185406
country,US,10237,numeric,5000,482,87,87,0.961414476898,0.849858356941
source,S2,8316,name,60,573,0,0,0.931096681097,0
source,S2,8316,name,120,573,27,27,0.934343434343,0.324675324675
source,S2,8316,name,250,573,42,42,0.936147186147,0.505050505051
source,S2,8316,name,500,573,57,57,0.937950937951,0.685425685426
source,S2,8316,name,1000,573,106,106,0.943843193843,1.27465127465
source,S2,8316,address,40,573,0,0,0.931096681097,0
source,S2,8316,address,80,573,7,7,0.931938431938,0.0841750841751
source,S2,8316,address,160,573,20,20,0.933501683502,0.2405002405
source,S2,8316,address,320,573,42,42,0.936147186147,0.505050505051
source,S2,8316,address,640,573,104,102,0.943362193362,1.22655122655
source,S2,8316,numeric,250,573,0,0,0.931096681097,0
source,S2,8316,numeric,500,573,20,20,0.933501683502,0.2405002405
source,S2,8316,numeric,1000,573,46,46,0.936628186628,0.553150553151
source,S2,8316,numeric,2500,573,85,85,0.941317941318,1.02212602213
source,S2,8316,numeric,5000,573,118,118,0.945286195286,1.41895141895
source_country,S2|India,3361,name,60,285,0,0,0.91520380839,0
source_country,S2|India,3361,name,120,285,13,13,0.91907170485,0.386789645939
source_country,S2|India,3361,name,250,285,20,20,0.921154418328,0.595060993752
source_country,S2|India,3361,name,500,285,27,27,0.923237131806,0.803332341565
source_country,S2|India,3361,name,1000,285,35,35,0.925617375781,1.04135673907
source_country,S2|India,3361,address,40,285,0,0,0.91520380839,0
source_country,S2|India,3361,address,80,285,5,5,0.916691460875,0.148765248438
source_country,S2|India,3361,address,160,285,10,10,0.918179113359,0.297530496876
source_country,S2|India,3361,address,320,285,21,21,0.921451948825,0.624814043439
source_country,S2|India,3361,address,640,285,48,46,0.928890211247,1.36864028563
source_country,S2|India,3361,numeric,250,285,0,0,0.91520380839,0
source_country,S2|India,3361,numeric,500,285,8,8,0.917584052365,0.238024397501
source_country,S2|India,3361,numeric,1000,285,21,21,0.921451948825,0.624814043439
source_country,S2|India,3361,numeric,2500,285,41,41,0.927402558762,1.21987503719
source_country,S2|India,3361,numeric,5000,285,59,59,0.932758107706,1.75542993157
source_country,S2|US,4955,name,60,288,0,0,0.941876892028,0
source_country,S2|US,4955,name,120,288,14,14,0.944702320888,0.282542885974
source_country,S2|US,4955,name,250,288,22,22,0.946316851665,0.443995963673
source_country,S2|US,4955,name,500,288,30,30,0.947931382442,0.605449041372
source_country,S2|US,4955,name,1000,288,71,71,0.956205852674,1.43289606458
source_country,S2|US,4955,address,40,288,0,0,0.941876892028,0
source_country,S2|US,4955,address,80,288,2,2,0.942280524723,0.0403632694248
source_country,S2|US,4955,address,160,288,10,10,0.943895055499,0.201816347124
source_country,S2|US,4955,address,320,288,21,21,0.946115035318,0.423814328961
source_country,S2|US,4955,address,640,288,56,56,0.953178607467,1.1301715439
source_country,S2|US,4955,numeric,250,288,0,0,0.941876892028,0
source_country,S2|US,4955,numeric,500,288,12,12,0.944298688194,0.242179616549
source_country,S2|US,4955,numeric,1000,288,25,25,0.946922300706,0.50454086781
source_country,S2|US,4955,numeric,2500,288,44,44,0.950756811302,0.887991927346
source_country,S2|US,4955,numeric,5000,288,59,59,0.953784056509,1.19071644803
source,S3,8891,name,60,611,0,0,0.93127882128,0
source,S3,8891,name,120,611,29,29,0.93454054662,0.326172534023
source,S3,8891,name,250,611,51,51,0.937014958947,0.57361376673
source,S3,8891,name,500,611,71,71,0.939264424699,0.798560341919
source,S3,8891,name,1000,611,103,103,0.942863569902,1.15847486222
source,S3,8891,address,40,611,0,0,0.93127882128,0
source,S3,8891,address,80,611,8,8,0.932178607581,0.0899786300754
source,S3,8891,address,160,611,15,15,0.932965920594,0.168709931391
source,S3,8891,address,320,611,36,36,0.935327859633,0.404903835339
source,S3,8891,address,640,611,78,77,0.939939264425,0.866044314475
source,S3,8891,numeric,250,611,0,0,0.93127882128,0
source,S3,8891,numeric,500,611,17,17,0.933190867169,0.19120458891
source,S3,8891,numeric,1000,611,40,40,0.935777752784,0.449893150377
source,S3,8891,numeric,2500,611,81,81,0.940389157575,0.911033629513
source,S3,8891,numeric,5000,611,123,123,0.945113035654,1.38342143741
source_country,S3|India,3609,name,60,417,0,0,0.884455527847,0
source_country,S3|India,3609,name,120,417,18,18,0.889443059019,0.498753117207
source_country,S3|India,3609,name,250,417,36,36,0.894430590191,0.997506234414
source_country,S3|India,3609,name,500,417,54,54,0.899418121363,1.49625935162
source_country,S3|India,3609,name,1000,417,67,67,0.90302022721,1.85646993627
source_country,S3|India,3609,address,40,417,0,0,0.884455527847,0
source_country,S3|India,3609,address,80,417,7,7,0.886395123303,0.19395954558
source_country,S3|India,3609,address,160,417,11,11,0.887503463563,0.304793571626
source_country,S3|India,3609,address,320,417,25,25,0.891382654475,0.692712662787
source_country,S3|India,3609,address,640,417,55,54,0.899418121363,1.49625935162
source_country,S3|India,3609,numeric,250,417,0,0,0.884455527847,0
source_country,S3|India,3609,numeric,500,417,12,12,0.887780548628,0.332502078138
source_country,S3|India,3609,numeric,1000,417,30,30,0.8927680798,0.831255195345
source_country,S3|India,3609,numeric,2500,417,63,63,0.901911886949,1.74563591022
source_country,S3|India,3609,numeric,5000,417,95,95,0.910778609033,2.63230811859
source_country,S3|US,5282,name,60,194,0,0,0.963271488073,0
source_country,S3|US,5282,name,120,194,11,11,0.965354032563,0.208254449072
source_country,S3|US,5282,name,250,194,15,15,0.966111321469,0.283983339644
source_country,S3|US,5282,name,500,194,17,17,0.966489965922,0.32184778493
source_country,S3|US,5282,name,1000,194,36,36,0.970087088224,0.681560015146
source_country,S3|US,5282,address,40,194,0,0,0.963271488073,0
source_country,S3|US,5282,address,80,194,1,1,0.963460810299,0.0189322226429
source_country,S3|US,5282,address,160,194,4,4,0.964028776978,0.0757288905718
source_country,S3|US,5282,address,320,194,11,11,0.965354032563,0.208254449072
source_country,S3|US,5282,address,640,194,23,23,0.967625899281,0.435441120788
source_country,S3|US,5282,numeric,250,194,0,0,0.963271488073,0
source_country,S3|US,5282,numeric,500,194,5,5,0.964218099205,0.0946611132147
source_country,S3|US,5282,numeric,1000,194,10,10,0.965164710337,0.189322226429
source_country,S3|US,5282,numeric,2500,194,18,18,0.966679288148,0.340780007573
source_country,S3|US,5282,numeric,5000,194,28,28,0.968572510413,0.530102234002
